3d|Cover_Building_0|pos(-35.000,0.500,8.000)|x(1.000,0.000,0.000)|z(0.000,0.000,1.000)|scale(1.000,1.000,1.000)|cover(0.000,0.000,-1.000):1.800:0.700
3d|Cover_Building_10|pos(8.000,0.500,15.000)|x(1.000,0.000,0.000)|z(0.000,0.000,1.000)|scale(1.000,1.000,1.000)|cover(-1.000,0.000,0.000):1.800:0.700
3d|Cover_Building_11|pos(-8.000,0.500,15.000)|x(1.000,0.000,0.000)|z(0.000,0.000,1.000)|scale(1.000,1.000,1.000)|cover(1.000,0.000,0.000):1.800:0.700
3d|Cover_Building_12|pos(30.000,0.500,-55.000)|x(1.000,0.000,0.000)|z(0.000,0.000,1.000)|scale(1.000,1.000,1.000)|cover(0.000,0.000,1.000):1.800:0.700
3d|Cover_Building_13|pos(45.000,0.500,-55.000)|x(1.000,0.000,0.000)|z(0.000,0.000,1.000)|scale(1.000,1.000,1.000)|cover(0.000,0.000,1.000):1.800:0.700
3d|Cover_Building_14|pos(55.000,0.500,-60.000)|x(1.000,0.000,0.000)|z(0.000,0.000,1.000)|scale(1.000,1.000,1.000)|cover(1.000,0.000,0.000):1.800:0.700
3d|Cover_Building_15|pos(35.000,0.500,-40.000)|x(1.000,0.000,0.000)|z(0.000,0.000,1.000)|scale(1.000,1.000,1.000)|cover(0.000,0.000,-1.000):1.800:0.700
3d|Cover_Building_16|pos(-25.000,0.500,38.000)|x(1.000,0.000,0.000)|z(0.000,0.000,1.000)|scale(1.000,1.000,1.000)|cover(0.000,0.000,-1.000):1.800:0.700
3d|Cover_Building_17|pos(15.000,0.500,38.000)|x(1.000,0.000,0.000)|z(0.000,0.000,1.000)|scale(1.000,1.000,1.000)|cover(0.000,0.000,-1.000):1.800:0.700
3d|Cover_Building_18|pos(28.000,0.500,38.000)|x(1.000,0.000,0.000)|z(0.000,0.000,1.000)|scale(1.000,1.000,1.000)|cover(0.000,0.000,-1.000):1.800:0.700
3d|Cover_Building_19|pos(-85.000,0.500,-60.000)|x(1.000,0.000,0.000)|z(0.000,0.000,1.000)|scale(1.000,1.000,1.000)|cover(0.000,0.000,1.000):1.800:0.700
3d|Cover_Building_1|pos(-35.000,0.500,-8.000)|x(1.000,0.000,0.000)|z(0.000,0.000,1.000)|scale(1.000,1.000,1.000)|cover(0.000,0.000,1.000):1.800:0.700
3d|Cover_Building_20|pos(-85.000,0.500,-20.000)|x(1.000,0.000,0.000)|z(0.000,0.000,1.000)|scale(1.000,1.000,1.000)|cover(0.000,0.000,1.000):1.800:0.700
3d|Cover_Building_21|pos(-85.000,0.500,20.000)|x(1.000,0.000,0.000)|z(0.000,0.000,1.000)|scale(1.000,1.000,1.000)|cover(0.000,0.000,-1.000):1.800:0.700
3d|Cover_Building_22|pos(-85.000,0.500,45.000)|x(1.000,0.000,0.000)|z(0.000,0.000,1.000)|scale(1.000,1.000,1.000)|cover(0.000,0.000,-1.000):1.800:0.700
3d|Cover_Building_23|pos(30.000,0.500,-5.000)|x(1.000,0.000,0.000)|z(0.000,0.000,1.000)|scale(1.000,1.000,1.000)|cover(0.000,0.000,1.000):1.800:0.700
3d|Cover_Building_2|pos(-28.000,0.500,8.000)|x(1.000,0.000,0.000)|z(0.000,0.000,1.000)|scale(1.000,1.000,1.000)|cover(0.000,0.000,-1.000):1.800:0.700
3d|Cover_Building_3|pos(-28.000,0.500,-8.000)|x(1.000,0.000,0.000)|z(0.000,0.000,1.000)|scale(1.000,1.000,1.000)|cover(0.000,0.000,1.000):1.800:0.700
3d|Cover_Building_4|pos(-60.000,0.500,-15.000)|x(1.000,0.000,0.000)|z(0.000,0.000,1.000)|scale(1.000,1.000,1.000)|cover(1.000,0.000,0.000):1.800:0.700
3d|Cover_Building_5|pos(-55.000,0.500,-15.000)|x(1.000,0.000,0.000)|z(0.000,0.000,1.000)|scale(1.000,1.000,1.000)|cover(-1.000,0.000,0.000):1.800:0.700
3d|Cover_Building_6|pos(-45.000,0.500,-20.000)|x(1.000,0.000,0.000)|z(0.000,0.000,1.000)|scale(1.000,1.000,1.000)|cover(0.000,0.000,1.000):1.800:0.700
3d|Cover_Building_7|pos(-45.000,0.500,-5.000)|x(1.000,0.000,0.000)|z(0.000,0.000,1.000)|scale(1.000,1.000,1.000)|cover(0.000,0.000,-1.000):1.800:0.700
3d|Cover_Building_8|pos(8.000,0.500,-12.000)|x(1.000,0.000,0.000)|z(0.000,0.000,1.000)|scale(1.000,1.000,1.000)|cover(-1.000,0.000,0.000):1.800:0.700
3d|Cover_Building_9|pos(-8.000,0.500,-12.000)|x(1.000,0.000,0.000)|z(0.000,0.000,1.000)|scale(1.000,1.000,1.000)|cover(1.000,0.000,0.000):1.800:0.700
3d|Cover_Corner_0|pos(10.000,0.500,-10.000)|x(1.000,0.000,0.000)|z(0.000,0.000,1.000)|scale(1.000,1.000,1.000)|cover(-0.707,0.000,0.707):2.500:1.000
3d|Cover_Corner_1|pos(-10.000,0.500,-10.000)|x(1.000,0.000,0.000)|z(0.000,0.000,1.000)|scale(1.000,1.000,1.000)|cover(0.707,0.000,0.707):2.500:1.000
3d|Cover_Corner_2|pos(10.000,0.500,10.000)|x(1.000,0.000,0.000)|z(0.000,0.000,1.000)|scale(1.000,1.000,1.000)|cover(-0.707,0.000,-0.707):2.500:1.000
3d|Cover_Corner_3|pos(-10.000,0.500,10.000)|x(1.000,0.000,0.000)|z(0.000,0.000,1.000)|scale(1.000,1.000,1.000)|cover(0.707,0.000,-0.707):2.500:1.000
3d|Cover_Corner_4|pos(10.000,0.500,-60.000)|x(1.000,0.000,0.000)|z(0.000,0.000,1.000)|scale(1.000,1.000,1.000)|cover(-0.707,0.000,0.707):2.500:1.000
3d|Cover_Corner_5|pos(-10.000,0.500,-60.000)|x(1.000,0.000,0.000)|z(0.000,0.000,1.000)|scale(1.000,1.000,1.000)|cover(0.707,0.000,0.707):2.500:1.000
3d|Cover_Corner_6|pos(10.000,0.500,-40.000)|x(1.000,0.000,0.000)|z(0.000,0.000,1.000)|scale(1.000,1.000,1.000)|cover(-0.707,0.000,-0.707):2.500:1.000
3d|Cover_Corner_7|pos(-10.000,0.500,-40.000)|x(1.000,0.000,0.000)|z(0.000,0.000,1.000)|scale(1.000,1.000,1.000)|cover(0.707,0.000,-0.707):2.500:1.000
3d|Cover_Trash_0|pos(9.000,0.500,-10.000)|x(1.000,0.000,0.000)|z(0.000,0.000,1.000)|scale(1.000,1.000,1.000)|cover(-1.000,0.000,0.000):0.800:0.500
3d|Cover_Trash_1|pos(-9.000,0.500,-10.000)|x(1.000,0.000,0.000)|z(0.000,0.000,1.000)|scale(1.000,1.000,1.000)|cover(1.000,0.000,0.000):0.800:0.500
3d|Cover_Trash_2|pos(9.000,0.500,-55.000)|x(1.000,0.000,0.000)|z(0.000,0.000,1.000)|scale(1.000,1.000,1.000)|cover(-1.000,0.000,0.000):0.800:0.500
3d|Cover_Trash_3|pos(-9.000,0.500,-55.000)|x(1.000,0.000,0.000)|z(0.000,0.000,1.000)|scale(1.000,1.000,1.000)|cover(1.000,0.000,0.000):0.800:0.500
3d|Cover_Trash_4|pos(-29.000,0.500,12.000)|x(1.000,0.000,0.000)|z(0.000,0.000,1.000)|scale(1.000,1.000,1.000)|cover(1.000,0.000,0.000):0.800:0.500
3d|Cover_Trash_5|pos(31.000,0.500,12.000)|x(1.000,0.000,0.000)|z(0.000,0.000,1.000)|scale(1.000,1.000,1.000)|cover(-1.000,0.000,0.000):0.800:0.500
3d|Cover_Vehicle_0|pos(13.000,0.500,-8.000)|x(1.000,0.000,0.000)|z(0.000,0.000,1.000)|scale(1.000,1.000,1.000)|cover(-1.000,0.000,0.000):0.800:0.500
3d|Cover_Vehicle_1|pos(13.000,0.500,-5.000)|x(1.000,0.000,0.000)|z(0.000,0.000,1.000)|scale(1.000,1.000,1.000)|cover(-1.000,0.000,0.000):0.800:0.500
3d|Cover_Vehicle_2|pos(51.000,0.500,62.000)|x(1.000,0.000,0.000)|z(0.000,0.000,1.000)|scale(1.000,1.000,1.000)|cover(0.000,0.000,1.000):0.800:0.500
3d|Cover_Vehicle_3|pos(47.000,0.500,62.000)|x(1.000,0.000,0.000)|z(0.000,0.000,1.000)|scale(1.000,1.000,1.000)|cover(0.000,0.000,1.000):0.800:0.500
3d|Cover_Vehicle_4|pos(-52.000,0.500,8.000)|x(1.000,0.000,0.000)|z(0.000,0.000,1.000)|scale(1.000,1.000,1.000)|cover(0.000,0.000,-1.000):0.800:0.500
3d|Cover_Vehicle_5|pos(-50.000,0.500,8.000)|x(1.000,0.000,0.000)|z(0.000,0.000,1.000)|scale(1.000,1.000,1.000)|cover(0.000,0.000,-1.000):0.800:0.500
3d|Cover_Vehicle_6|pos(-80.000,0.500,30.000)|x(1.000,0.000,0.000)|z(0.000,0.000,1.000)|scale(1.000,1.000,1.000)|cover(0.000,0.000,1.000):0.800:0.500
3d|Cover_Vehicle_7|pos(-70.000,0.500,30.000)|x(1.000,0.000,0.000)|z(0.000,0.000,1.000)|scale(1.000,1.000,1.000)|cover(0.000,0.000,1.000):0.800:0.500
3d|Cover_Vending_0|pos(13.000,0.500,-15.000)|x(1.000,0.000,0.000)|z(0.000,0.000,1.000)|scale(1.000,1.000,1.000)|cover(-1.000,0.000,0.000):0.800:0.500
3d|Cover_Vending_1|pos(-69.000,0.500,-15.000)|x(1.000,0.000,0.000)|z(0.000,0.000,1.000)|scale(1.000,1.000,1.000)|cover(1.000,0.000,0.000):0.800:0.500
3d|Cover_Vending_2|pos(-31.000,0.500,-22.000)|x(1.000,0.000,0.000)|z(0.000,0.000,1.000)|scale(1.000,1.000,1.000)|cover(1.000,0.000,0.000):0.800:0.500
3d|Cover_Vending_3|pos(43.000,0.500,36.000)|x(1.000,0.000,0.000)|z(0.000,0.000,1.000)|scale(1.000,1.000,1.000)|cover(-1.000,0.000,0.000):0.800:0.500
3d|Cover_Vending_4|pos(-74.000,0.500,12.000)|x(1.000,0.000,0.000)|z(0.000,0.000,1.000)|scale(1.000,1.000,1.000)|cover(-1.000,0.000,0.000):0.800:0.500
3d|Don Don Donki|pos(-19.705,28.787,-18.450)|x(0.999,0.042,0.000)|z(0.000,0.000,1.000)|scale(1.000,1.000,1.000)|parent(-33.500,17.500,-30.000)|depth1|mesh(0.000,0.000,0.000)(0.657,0.732,0.100)
3d|Don Don Donki|pos(-21.144,3.297,-18.700)|x(0.980,-0.198,0.000)|z(0.000,0.000,1.000)|scale(1.000,1.000,1.000)|parent(-33.500,17.500,-30.000)|depth1|mesh(0.000,0.000,0.000)(1.487,0.810,0.100)
3d|Don Don Donki|pos(-23.223,33.768,-18.750)|x(0.999,-0.043,0.000)|z(0.000,0.000,1.000)|scale(1.000,1.000,1.000)|parent(-33.500,17.500,-30.000)|depth1|mesh(0.000,0.000,0.000)(0.987,0.629,0.100)
3d|Don Don Donki|pos(-29.068,14.170,-18.600)|x(0.993,-0.115,0.000)|z(0.000,0.000,1.000)|scale(1.000,1.000,1.000)|parent(-33.500,17.500,-30.000)|depth1|mesh(0.000,0.000,0.000)(0.984,0.914,0.100)
3d|Don Don Donki|pos(-29.361,13.568,-18.800)|x(0.997,0.079,0.000)|z(0.000,0.000,1.000)|scale(1.000,1.000,1.000)|parent(-33.500,17.500,-30.000)|depth1|mesh(0.000,0.000,0.000)(1.330,1.142,0.100)
3d|Don Don Donki|pos(-33.161,22.282,-18.400)|x(0.983,-0.183,0.000)|z(0.000,0.000,1.000)|scale(1.000,1.000,1.000)|parent(-33.500,17.500,-30.000)|depth1|mesh(0.000,0.000,0.000)(0.926,0.613,0.100)
3d|Don Don Donki|pos(-33.500,17.500,-30.000)|x(1.000,0.000,0.000)|z(0.000,0.000,1.000)|scale(1.000,1.000,1.000)|mesh(0.000,0.000,0.000)(14.000,17.500,11.000)|col:cuboid(14.000,17.500,11.000)|bld:Don Don Donki:Shop
3d|Don Don Donki|pos(-33.500,37.500,-19.000)|x(1.000,0.000,0.000)|z(0.000,0.000,1.000)|scale(1.000,1.000,1.000)|parent(-33.500,17.500,-30.000)|depth1|mesh(0.000,0.000,0.000)(2.486,2.500,2.500)
3d|Don Don Donki|pos(-33.720,5.862,-18.650)|x(0.989,0.149,0.000)|z(0.000,0.000,1.000)|scale(1.000,1.000,1.000)|parent(-33.500,17.500,-30.000)|depth1|mesh(0.000,0.000,0.000)(1.065,1.171,0.100)
3d|Don Don Donki|pos(-34.775,33.477,-18.350)|x(0.995,0.101,0.000)|z(0.000,0.000,1.000)|scale(1.000,1.000,1.000)|parent(-33.500,17.500,-30.000)|depth1|mesh(0.000,0.000,0.000)(0.593,1.437,0.100)
3d|Don Don Donki|pos(-38.061,31.438,-18.500)|x(0.988,0.155,0.000)|z(0.000,0.000,1.000)|scale(1.000,1.000,1.000)|parent(-33.500,17.500,-30.000)|depth1|mesh(0.000,0.000,0.000)(0.680,0.774,0.100)
3d|Don Don Donki|pos(-40.804,27.167,-18.550)|x(0.999,-0.052,0.000)|z(0.000,0.000,1.000)|scale(1.000,1.000,1.000)|parent(-33.500,17.500,-30.000)|depth1|mesh(0.000,0.000,0.000)(0.657,0.802,0.100)
3d|Door_全家便利|pos(-42.500,5.250,-62.200)|x(1.000,0.000,0.000)|z(0.000,0.000,1.000)|scale(1.000,1.000,1.000)|mesh(0.000,0.000,0.000)(0.750,1.250,0.050)
3d|H&M|pos(11.333,9.000,33.500)|x(1.000,0.000,0.000)|z(0.000,0.000,1.000)|scale(1.000,1.000,1.000)|parent(16.000,9.000,33.500)|depth1|mesh(0.000,0.000,0.000)(0.250,9.000,7.250)
3d|H&M|pos(13.667,9.000,33.500)|x(1.000,0.000,0.000)|z(0.000,0.000,1.000)|scale(1.000,1.000,1.000)|parent(16.000,9.000,33.500)|depth1|mesh(0.000,0.000,0.000)(0.250,9.000,7.250)
3d|H&M|pos(16.000,9.000,33.500)|x(1.000,0.000,0.000)|z(0.000,0.000,1.000)|scale(1.000,1.000,1.000)|mesh(0.000,0.000,0.000)(6.650,9.000,6.650)|col:cuboid(7.000,9.000,7.000)|bld:H&M:Shop
3d|H&M|pos(16.000,9.000,33.500)|x(1.000,0.000,0.000)|z(0.000,0.000,1.000)|scale(1.000,1.000,1.000)|parent(16.000,9.000,33.500)|depth1|mesh(0.000,0.000,0.000)(0.250,9.000,7.250)
3d|H&M|pos(16.000,9.000,41.000)|x(1.000,0.000,0.000)|z(0.000,0.000,1.000)|scale(1.000,1.000,1.000)|parent(16.000,9.000,33.500)|depth1|mesh(0.000,0.000,0.000)(2.000,2.000,0.250)
3d|H&M|pos(18.333,9.000,33.500)|x(1.000,0.000,0.000)|z(0.000,0.000,1.000)|scale(1.000,1.000,1.000)|parent(16.000,9.000,33.500)|depth1|mesh(0.000,0.000,0.000)(0.250,9.000,7.250)
3d|H&M|pos(20.667,9.000,33.500)|x(1.000,0.000,0.000)|z(0.000,0.000,1.000)|scale(1.000,1.000,1.000)|parent(16.000,9.000,33.500)|depth1|mesh(0.000,0.000,0.000)(0.250,9.000,7.250)
3d|H&M|pos(23.000,9.000,33.500)|x(1.000,0.000,0.000)|z(0.000,0.000,1.000)|scale(1.000,1.000,1.000)|parent(16.000,9.000,33.500)|depth1|mesh(0.000,0.000,0.000)(0.250,9.000,7.250)
3d|H&M|pos(9.000,9.000,33.500)|x(1.000,0.000,0.000)|z(0.000,0.000,1.000)|scale(1.000,1.000,1.000)|parent(16.000,9.000,33.500)|depth1|mesh(0.000,0.000,0.000)(0.250,9.000,7.250)
3d|Interior_全家便利|pos(-42.500,4.000,-67.500)|x(1.000,0.000,0.000)|z(0.000,0.000,1.000)|scale(1.000,1.000,1.000)
3d|KFC|pos(-10.500,13.000,25.000)|x(1.000,0.000,0.000)|z(0.000,0.000,1.000)|scale(1.000,1.000,1.000)|parent(-12.000,3.000,25.000)|depth1|mesh(0.000,0.000,0.000)(0.900,7.000,0.900)
3d|KFC|pos(-12.000,3.000,25.000)|x(1.000,0.000,0.000)|z(0.000,0.000,1.000)|scale(1.000,1.000,1.000)|mesh(0.000,0.000,0.000)(3.000,3.000,3.000)|col:cuboid(3.000,3.000,3.000)|bld:KFC:Shop
3d|KFC|pos(-13.500,13.000,25.000)|x(1.000,0.000,0.000)|z(0.000,0.000,1.000)|scale(1.000,1.000,1.000)|parent(-12.000,3.000,25.000)|depth1|mesh(0.000,0.000,0.000)(0.900,7.000,0.900)
3d|LeftArm|pos(5.210,0.860,-5.000)|x(0.989,-0.149,0.000)|z(0.000,0.000,1.000)|scale(1.000,1.000,1.000)|parent(5.000,0.700,-5.000)|depth1|mesh(0.000,0.000,0.000)(0.035,0.085,0.035)
3d|LeftHand|pos(5.156,0.504,-5.000)|x(0.989,-0.149,0.000)|z(0.000,0.000,1.000)|scale(1.000,1.000,1.000)|parent(5.210,0.860,-5.000)|depth2|mesh(0.000,0.000,0.000)(0.023,0.028,0.011)
3d|Main Camera|pos(0.000,50.000,50.000)|x(1.000,0.000,0.000)|z(0.000,0.707,0.707)|scale(1.000,1.000,1.000)
3d|Moon|pos(0.000,200.000,-500.000)|x(1.000,0.000,0.000)|z(0.000,0.000,1.000)|scale(1.000,1.000,1.000)|mesh(0.000,0.000,0.000)(15.000,15.000,15.000)
3d|NeonSign_Donki|pos(-35.000,25.000,-20.500)|x(1.000,0.000,0.000)|z(0.000,0.000,1.000)|scale(1.000,1.000,1.000)|col:cuboid(2.600,0.650,0.200)
3d|NeonSign_H&M|pos(7.500,13.000,35.000)|x(1.000,0.000,0.000)|z(0.000,0.000,1.000)|scale(1.000,1.000,1.000)|col:cuboid(1.600,0.800,0.200)
3d|NeonSign_HYPE|pos(28.000,10.000,-8.000)|x(1.000,0.000,0.000)|z(0.000,0.000,1.000)|scale(1.000,1.000,1.000)|col:cuboid(1.600,0.450,0.200)
3d|NeonSign_M|pos(-17.000,8.000,-72.000)|x(1.000,0.000,0.000)|z(0.000,0.000,1.000)|scale(1.000,1.000,1.000)|col:cuboid(1.350,1.300,0.200)
3d|NeonSign_UNIQLO|pos(7.500,9.000,-13.500)|x(1.000,0.000,0.000)|z(0.000,0.000,1.000)|scale(1.000,1.000,1.000)|col:cuboid(1.850,0.550,0.200)
3d|NeonSign_國賓|pos(41.000,25.000,-58.000)|x(1.000,0.000,0.000)|z(0.000,0.000,1.000)|scale(1.000,1.000,1.000)|col:cuboid(2.600,0.650,0.200)
3d|NeonSign_紅樓|pos(49.000,10.000,58.000)|x(1.000,0.000,0.000)|z(0.000,0.000,1.000)|scale(1.000,1.000,1.000)|col:cuboid(2.100,0.550,0.200)
3d|NeonSign_老店|pos(-72.000,17.000,-57.500)|x(1.000,0.000,0.000)|z(0.000,0.000,1.000)|scale(1.000,1.000,1.000)|col:cuboid(1.600,0.450,0.200)
3d|NeonSign_萬年|pos(-71.000,20.000,-7.500)|x(1.000,0.000,0.000)|z(0.000,0.000,1.000)|scale(1.000,1.000,1.000)|col:cuboid(3.100,0.800,0.200)
3d|NeonSign_錢櫃KTV|pos(100.000,15.000,34.000)|x(1.000,0.000,0.000)|z(0.000,0.000,1.000)|scale(1.000,1.000,1.000)|col:cuboid(2.600,0.650,0.200)
3d|NeonSign_阿宗麵線|pos(-27.500,5.000,42.000)|x(1.000,0.000,0.000)|z(0.000,0.000,1.000)|scale(1.000,1.000,1.000)|col:cuboid(1.600,0.450,0.200)
3d|NpcVehicle_Bus|pos(72.000,0.500,52.000)|x(0.000,0.000,-1.000)|z(1.000,0.000,0.000)|scale(1.000,1.000,1.000)|col:cuboid(1.400,0.750,4.000)|route[(72.000,0.000,52.000),(-54.000,0.000,52.000),(-54.000,0.000,-81.000),(72.000,0.000,-81.000)]@1
3d|NpcVehicle_Car|pos(-100.000,0.500,48.000)|x(0.000,0.000,1.000)|z(-1.000,0.000,0.000)|scale(1.000,1.000,1.000)|col:cuboid(1.000,0.750,2.000)|route[(-100.000,0.000,48.000),(-55.000,0.000,48.000),(-55.000,0.000,52.000),(-100.000,0.000,52.000)]@1
3d|NpcVehicle_Car|pos(-98.000,0.500,52.000)|x(1.000,0.000,0.000)|z(0.000,0.000,1.000)|scale(1.000,1.000,1.000)|col:cuboid(1.000,0.750,2.000)|route[(-98.000,0.000,52.000),(-98.000,0.000,-81.000),(-102.000,0.000,-81.000),(-102.000,0.000,52.000)]@1
3d|NpcVehicle_Car|pos(84.000,0.500,52.000)|x(1.000,0.000,0.000)|z(0.000,0.000,1.000)|scale(1.000,1.000,1.000)|col:cuboid(1.000,0.750,2.000)|route[(84.000,0.000,52.000),(84.000,0.000,-81.000),(76.000,0.000,-81.000),(76.000,0.000,52.000)]@1
3d|NpcVehicle_Taxi|pos(-56.000,0.500,48.000)|x(0.000,0.000,1.000)|z(-1.000,0.000,0.000)|scale(1.000,1.000,1.000)|col:cuboid(1.000,0.750,2.000)|route[(-56.000,0.000,48.000),(88.000,0.000,48.000),(88.000,0.000,-79.000),(-56.000,0.000,-79.000)]@1
3d|Player|pos(5.000,0.700,-5.000)|x(1.000,0.000,0.000)|z(0.000,0.000,1.000)|scale(1.000,1.000,1.000)|col:capsule(0.450,0.250)
3d|RightArm|pos(4.790,0.860,-5.000)|x(0.989,0.149,0.000)|z(0.000,0.000,1.000)|scale(1.000,1.000,1.000)|parent(5.000,0.700,-5.000)|depth1|mesh(0.000,0.000,0.000)(0.035,0.085,0.035)
3d|RightHand|pos(4.844,0.504,-5.000)|x(0.989,0.149,0.000)|z(0.000,0.000,1.000)|scale(1.000,1.000,1.000)|parent(4.790,0.860,-5.000)|depth2|mesh(0.000,0.000,0.000)(0.023,0.028,0.011)
3d|Sun|pos(0.000,0.000,0.000)|x(0.878,-0.344,-0.334)|z(0.479,0.630,0.611)|scale(1.000,1.000,1.000)
3d|TrafficLight|pos(-48.000,0.000,-73.000)|x(1.000,0.000,0.000)|z(0.000,0.000,1.000)|scale(1.000,1.000,1.000)|light(0.000,0.000,1.000):true
3d|TrafficLight|pos(-48.000,0.000,-87.000)|x(0.000,0.000,-1.000)|z(1.000,0.000,0.000)|scale(1.000,1.000,1.000)|light(1.000,0.000,0.000):false
3d|TrafficLight|pos(-48.000,0.000,41.000)|x(0.000,0.000,-1.000)|z(1.000,0.000,0.000)|scale(1.000,1.000,1.000)|light(1.000,0.000,0.000):false
3d|TrafficLight|pos(-48.000,0.000,59.000)|x(1.000,0.000,0.000)|z(0.000,0.000,1.000)|scale(1.000,1.000,1.000)|light(0.000,0.000,1.000):true
3d|TrafficLight|pos(-62.000,0.000,-73.000)|x(0.000,0.000,1.000)|z(-1.000,0.000,0.000)|scale(1.000,1.000,1.000)|light(-1.000,0.000,0.000):false
3d|TrafficLight|pos(-62.000,0.000,-87.000)|x(-1.000,0.000,0.000)|z(0.000,0.000,-1.000)|scale(1.000,1.000,1.000)|light(0.000,0.000,-1.000):true
3d|TrafficLight|pos(-62.000,0.000,41.000)|x(-1.000,0.000,0.000)|z(0.000,0.000,-1.000)|scale(1.000,1.000,1.000)|light(0.000,0.000,-1.000):true
3d|TrafficLight|pos(-62.000,0.000,59.000)|x(0.000,0.000,1.000)|z(-1.000,0.000,0.000)|scale(1.000,1.000,1.000)|light(-1.000,0.000,0.000):false
3d|TrafficLight|pos(101.000,0.000,-73.000)|x(1.000,0.000,0.000)|z(0.000,0.000,1.000)|scale(1.000,1.000,1.000)|light(0.000,0.000,1.000):true
3d|TrafficLight|pos(101.000,0.000,-87.000)|x(0.000,0.000,-1.000)|z(1.000,0.000,0.000)|scale(1.000,1.000,1.000)|light(1.000,0.000,0.000):false
3d|TrafficLight|pos(101.000,0.000,41.000)|x(0.000,0.000,-1.000)|z(1.000,0.000,0.000)|scale(1.000,1.000,1.000)|light(1.000,0.000,0.000):false
3d|TrafficLight|pos(101.000,0.000,59.000)|x(1.000,0.000,0.000)|z(0.000,0.000,1.000)|scale(1.000,1.000,1.000)|light(0.000,0.000,1.000):true
3d|TrafficLight|pos(59.000,0.000,-73.000)|x(0.000,0.000,1.000)|z(-1.000,0.000,0.000)|scale(1.000,1.000,1.000)|light(-1.000,0.000,0.000):false
3d|TrafficLight|pos(59.000,0.000,-87.000)|x(-1.000,0.000,0.000)|z(0.000,0.000,-1.000)|scale(1.000,1.000,1.000)|light(0.000,0.000,-1.000):true
3d|TrafficLight|pos(59.000,0.000,41.000)|x(-1.000,0.000,0.000)|z(0.000,0.000,-1.000)|scale(1.000,1.000,1.000)|light(0.000,0.000,-1.000):true
3d|TrafficLight|pos(59.000,0.000,59.000)|x(0.000,0.000,1.000)|z(-1.000,0.000,0.000)|scale(1.000,1.000,1.000)|light(-1.000,0.000,0.000):false
3d|Uniqlo|pos(15.000,7.500,-15.000)|x(1.000,0.000,0.000)|z(0.000,0.000,1.000)|scale(1.000,1.000,1.000)|mesh(0.000,0.000,0.000)(6.000,7.500,6.000)|col:cuboid(6.000,7.500,6.000)|bld:Uniqlo:Shop
3d||pos(-10.000,0.000,-15.000)|x(1.000,0.000,0.000)|z(0.000,0.000,1.000)|scale(1.000,1.000,1.000)|mesh(0.000,0.000,0.000)(1000.000,0.000,1000.000)|col:cuboid(200.000,0.100,200.000)
3d||pos(-10.000,0.050,-80.000)|x(1.000,0.000,0.000)|z(0.000,0.000,1.000)|scale(1.000,1.000,1.000)|mesh(0.000,0.000,0.000)(100.000,0.000,2.000)
3d||pos(-10.000,0.050,50.000)|x(1.000,0.000,0.000)|z(0.000,0.000,1.000)|scale(1.000,1.000,1.000)|mesh(0.000,0.000,0.000)(100.000,0.000,4.000)
3d||pos(-10.000,0.065,-79.850)|x(1.000,0.000,0.000)|z(0.000,0.000,1.000)|scale(1.000,1.000,1.000)|parent(-10.000,0.050,-80.000)|depth1|mesh(0.000,0.000,0.000)(100.000,0.005,0.100)
3d||pos(-10.000,0.065,-80.150)|x(1.000,0.000,0.000)|z(0.000,0.000,1.000)|scale(1.000,1.000,1.000)|parent(-10.000,0.050,-80.000)|depth1|mesh(0.000,0.000,0.000)(100.000,0.005,0.100)
3d||pos(-10.000,0.065,49.850)|x(1.000,0.000,0.000)|z(0.000,0.000,1.000)|scale(1.000,1.000,1.000)|parent(-10.000,0.050,50.000)|depth1|mesh(0.000,0.000,0.000)(100.000,0.005,0.100)
3d||pos(-10.000,0.065,50.150)|x(1.000,0.000,0.000)|z(0.000,0.000,1.000)|scale(1.000,1.000,1.000)|parent(-10.000,0.050,50.000)|depth1|mesh(0.000,0.000,0.000)(100.000,0.005,0.100)
3d||pos(-10.000,0.080,50.000)|x(1.000,0.000,0.000)|z(0.000,0.000,1.000)|scale(1.000,1.000,1.000)|mesh(0.000,0.000,0.000)(0.250,0.010,2.500)
3d||pos(-10.000,0.300,-76.000)|x(1.000,0.000,0.000)|z(0.000,0.000,1.000)|scale(1.000,1.000,1.000)|mesh(0.000,0.000,0.000)(100.000,0.000,2.000)
3d||pos(-10.000,0.300,-84.000)|x(1.000,0.000,0.000)|z(0.000,0.000,1.000)|scale(1.000,1.000,1.000)|mesh(0.000,0.000,0.000)(100.000,0.000,2.000)
3d||pos(-10.000,0.300,44.000)|x(1.000,0.000,0.000)|z(0.000,0.000,1.000)|scale(1.000,1.000,1.000)|mesh(0.000,0.000,0.000)(100.000,0.000,2.000)
3d||pos(-10.000,0.300,56.000)|x(1.000,0.000,0.000)|z(0.000,0.000,1.000)|scale(1.000,1.000,1.000)|mesh(0.000,0.000,0.000)(100.000,0.000,2.000)
3d||pos(-10.000,10.000,-95.000)|x(1.000,0.000,0.000)|z(0.000,0.000,1.000)|scale(1.000,1.000,1.000)|col:cuboid(130.000,20.000,0.500)
3d||pos(-10.000,10.000,65.000)|x(1.000,0.000,0.000)|z(0.000,0.000,1.000)|scale(1.000,1.000,1.000)|col:cuboid(130.000,20.000,0.500)
3d||pos(-10.500,0.080,-50.000)|x(1.000,0.000,0.000)|z(0.000,0.000,1.000)|scale(1.000,1.000,1.000)|mesh(0.000,0.000,0.000)(0.250,0.010,2.500)
3d||pos(-10.500,0.080,0.000)|x(1.000,0.000,0.000)|z(0.000,0.000,1.000)|scale(1.000,1.000,1.000)|mesh(0.000,0.000,0.000)(0.250,0.010,2.500)
3d||pos(-100.000,0.000,48.000)|x(0.000,0.000,1.000)|z(-1.000,0.000,0.000)|scale(1.000,1.000,1.000)|parent(-100.000,0.500,48.000)|depth2
3d||pos(-100.000,0.050,-15.000)|x(1.000,0.000,0.000)|z(0.000,0.000,1.000)|scale(1.000,1.000,1.000)|mesh(0.000,0.000,0.000)(4.000,0.000,90.000)
3d||pos(-100.000,0.300,46.980)|x(0.000,0.000,1.000)|z(-1.000,0.000,0.000)|scale(1.000,1.000,1.000)|parent(-100.000,0.500,48.000)|depth2|mesh(0.000,0.000,0.000)(0.025,0.025,1.250)
3d||pos(-100.000,0.300,49.020)|x(0.000,0.000,1.000)|z(-1.000,0.000,0.000)|scale(1.000,1.000,1.000)|parent(-100.000,0.500,48.000)|depth2|mesh(0.000,0.000,0.000)(0.025,0.025,1.250)
3d||pos(-100.000,0.500,48.000)|x(0.000,0.000,1.000)|z(-1.000,0.000,0.000)|scale(1.000,1.000,1.000)|parent(-100.000,0.500,48.000)|depth1
3d||pos(-100.000,0.500,48.000)|x(0.000,0.000,1.000)|z(-1.000,0.000,0.000)|scale(1.000,1.000,1.000)|parent(-100.000,0.500,48.000)|depth2|mesh(0.000,0.000,0.000)(1.000,0.300,2.000)
3d||pos(-100.150,0.065,-15.000)|x(1.000,0.000,0.000)|z(0.000,0.000,1.000)|scale(1.000,1.000,1.000)|parent(-100.000,0.050,-15.000)|depth1|mesh(0.000,0.000,0.000)(0.100,0.005,90.000)
3d||pos(-101.200,0.200,47.000)|x(0.000,1.000,0.000)|z(-1.000,0.000,0.000)|scale(1.000,1.000,1.000)|parent(-100.000,0.500,48.000)|depth2|mesh(0.000,0.000,0.000)(0.350,0.150,0.350)
3d||pos(-101.200,0.200,49.000)|x(0.000,1.000,0.000)|z(-1.000,0.000,0.000)|scale(1.000,1.000,1.000)|parent(-100.000,0.500,48.000)|depth2|mesh(0.000,0.000,0.000)(0.350,0.150,0.350)
3d||pos(-101.800,0.950,47.400)|x(0.000,0.000,1.000)|z(-1.000,0.000,0.000)|scale(1.000,1.000,1.000)|parent(-100.000,0.500,48.000)|depth2|mesh(0.000,0.000,0.000)(0.050,0.150,0.050)
3d||pos(-101.800,0.950,48.600)|x(0.000,0.000,1.000)|z(-1.000,0.000,0.000)|scale(1.000,1.000,1.000)|parent(-100.000,0.500,48.000)|depth2|mesh(0.000,0.000,0.000)(0.050,0.150,0.050)
3d||pos(-101.800,1.100,48.000)|x(0.000,0.000,1.000)|z(-1.000,0.000,0.000)|scale(1.000,1.000,1.000)|parent(-100.000,0.500,48.000)|depth2|mesh(0.000,0.000,0.000)(0.900,0.025,0.200)
3d||pos(-102.050,0.600,47.400)|x(0.000,0.000,1.000)|z(-1.000,0.000,0.000)|scale(1.000,1.000,1.000)|parent(-100.000,0.500,48.000)|depth2|mesh(0.000,0.000,0.000)(0.200,0.100,0.050)
3d||pos(-102.050,0.600,48.600)|x(0.000,0.000,1.000)|z(-1.000,0.000,0.000)|scale(1.000,1.000,1.000)|parent(-100.000,0.500,48.000)|depth2|mesh(0.000,0.000,0.000)(0.200,0.100,0.050)
3d||pos(-106.000,0.300,-15.000)|x(1.000,0.000,0.000)|z(0.000,0.000,1.000)|scale(1.000,1.000,1.000)|mesh(0.000,0.000,0.000)(2.000,0.000,90.000)
3d||pos(-11.000,0.080,50.000)|x(1.000,0.000,0.000)|z(0.000,0.000,1.000)|scale(1.000,1.000,1.000)|mesh(0.000,0.000,0.000)(0.250,0.010,2.500)
3d||pos(-11.500,0.080,-50.000)|x(1.000,0.000,0.000)|z(0.000,0.000,1.000)|scale(1.000,1.000,1.000)|mesh(0.000,0.000,0.000)(0.250,0.010,2.500)
3d||pos(-11.500,0.080,0.000)|x(1.000,0.000,0.000)|z(0.000,0.000,1.000)|scale(1.000,1.000,1.000)|mesh(0.000,0.000,0.000)(0.250,0.010,2.500)
3d||pos(-111.500,3.500,18.160)|x(1.000,0.000,0.000)|z(0.000,0.000,1.000)|scale(1.000,1.000,1.000)|parent(-117.500,2.500,18.000)|depth1|mesh(0.000,0.000,0.000)(0.600,0.400,0.010)
3d||pos(-112.000,3.000,18.160)|x(1.000,0.000,0.000)|z(0.000,0.000,1.000)|scale(1.000,1.000,1.000)|parent(-117.500,2.500,18.000)|depth1|mesh(0.000,0.000,0.000)(0.800,0.400,0.010)
3d||pos(-112.500,0.700,18.160)|x(1.000,0.000,0.000)|z(0.000,0.000,1.000)|scale(1.000,1.000,1.000)|parent(-117.500,2.500,18.000)|depth1|mesh(0.000,0.000,0.000)(0.600,0.490,0.010)
3d||pos(-113.500,2.000,18.160)|x(1.000,0.000,0.000)|z(0.000,0.000,1.000)|scale(1.000,1.000,1.000)|parent(-117.500,2.500,18.000)|depth1|mesh(0.000,0.000,0.000)(0.600,0.400,0.010)
3d||pos(-114.500,1.000,18.160)|x(1.000,0.000,0.000)|z(0.000,0.000,1.000)|scale(1.000,1.000,1.000)|parent(-117.500,2.500,18.000)|depth1|mesh(0.000,0.000,0.000)(0.600,0.400,0.010)
3d||pos(-114.500,2.000,18.170)|x(1.000,0.000,0.000)|z(0.000,0.000,1.000)|scale(1.000,1.000,1.000)|parent(-117.500,2.500,18.000)|depth1|mesh(0.000,0.000,0.000)(0.500,0.750,0.015)
3d||pos(-115.500,4.000,18.160)|x(1.000,0.000,0.000)|z(0.000,0.000,1.000)|scale(1.000,1.000,1.000)|parent(-117.500,2.500,18.000)|depth1|mesh(0.000,0.000,0.000)(0.600,0.400,0.010)
3d||pos(-116.000,0.500,18.160)|x(1.000,0.000,0.000)|z(0.000,0.000,1.000)|scale(1.000,1.000,1.000)|parent(-117.500,2.500,18.000)|depth1|mesh(0.000,0.000,0.000)(0.800,0.400,0.010)
3d||pos(-116.000,2.000,18.170)|x(1.000,0.000,0.000)|z(0.000,0.000,1.000)|scale(1.000,1.000,1.000)|parent(-117.500,2.500,18.000)|depth1|mesh(0.000,0.000,0.000)(0.500,0.900,0.015)
3d||pos(-117.500,2.000,18.170)|x(1.000,0.000,0.000)|z(0.000,0.000,1.000)|scale(1.000,1.000,1.000)|parent(-117.500,2.500,18.000)|depth1|mesh(0.000,0.000,0.000)(0.500,0.750,0.015)
3d||pos(-117.500,2.500,18.000)|x(1.000,0.000,0.000)|z(0.000,0.000,1.000)|scale(1.000,1.000,1.000)|mesh(0.000,0.000,0.000)(7.500,2.500,0.150)|col:cuboid(7.500,2.500,0.150)
3d||pos(-117.500,2.500,18.160)|x(1.000,0.000,0.000)|z(0.000,0.000,1.000)|scale(1.000,1.000,1.000)|parent(-117.500,2.500,18.000)|depth1|mesh(0.000,0.000,0.000)(0.600,0.400,0.010)
3d||pos(-118.500,4.500,18.160)|x(1.000,0.000,0.000)|z(0.000,0.000,1.000)|scale(1.000,1.000,1.000)|parent(-117.500,2.500,18.000)|depth1|mesh(0.000,0.000,0.000)(0.600,0.400,0.010)
3d||pos(-119.000,2.000,18.170)|x(1.000,0.000,0.000)|z(0.000,0.000,1.000)|scale(1.000,1.000,1.000)|parent(-117.500,2.500,18.000)|depth1|mesh(0.000,0.000,0.000)(0.500,0.900,0.015)
3d||pos(-119.500,4.300,18.160)|x(1.000,0.000,0.000)|z(0.000,0.000,1.000)|scale(1.000,1.000,1.000)|parent(-117.500,2.500,18.000)|depth1|mesh(0.000,0.000,0.000)(0.600,0.490,0.010)
3d||pos(-12.000,0.080,50.000)|x(1.000,0.000,0.000)|z(0.000,0.000,1.000)|scale(1.000,1.000,1.000)|mesh(0.000,0.000,0.000)(0.250,0.010,2.500)
3d||pos(-12.500,0.080,-50.000)|x(1.000,0.000,0.000)|z(0.000,0.000,1.000)|scale(1.000,1.000,1.000)|mesh(0.000,0.000,0.000)(0.250,0.010,2.500)
3d||pos(-12.500,0.080,0.000)|x(1.000,0.000,0.000)|z(0.000,0.000,1.000)|scale(1.000,1.000,1.000)|mesh(0.000,0.000,0.000)(0.250,0.010,2.500)
3d||pos(-120.000,10.000,-15.000)|x(1.000,0.000,0.000)|z(0.000,0.000,1.000)|scale(1.000,1.000,1.000)|col:cuboid(0.500,20.000,100.000)
3d||pos(-120.500,1.500,18.160)|x(1.000,0.000,0.000)|z(0.000,0.000,1.000)|scale(1.000,1.000,1.000)|parent(-117.500,2.500,18.000)|depth1|mesh(0.000,0.000,0.000)(0.600,0.400,0.010)
3d||pos(-120.500,2.000,18.170)|x(1.000,0.000,0.000)|z(0.000,0.000,1.000)|scale(1.000,1.000,1.000)|parent(-117.500,2.500,18.000)|depth1|mesh(0.000,0.000,0.000)(0.500,0.750,0.015)
3d||pos(-122.000,3.000,18.160)|x(1.000,0.000,0.000)|z(0.000,0.000,1.000)|scale(1.000,1.000,1.000)|parent(-117.500,2.500,18.000)|depth1|mesh(0.000,0.000,0.000)(0.800,0.400,0.010)
3d||pos(-122.500,3.500,18.160)|x(1.000,0.000,0.000)|z(0.000,0.000,1.000)|scale(1.000,1.000,1.000)|parent(-117.500,2.500,18.000)|depth1|mesh(0.000,0.000,0.000)(0.600,0.400,0.010)
3d||pos(-123.000,2.000,18.160)|x(1.000,0.000,0.000)|z(0.000,0.000,1.000)|scale(1.000,1.000,1.000)|parent(-117.500,2.500,18.000)|depth1|mesh(0.000,0.000,0.000)(0.800,0.400,0.010)
3d||pos(-123.500,1.000,18.160)|x(1.000,0.000,0.000)|z(0.000,0.000,1.000)|scale(1.000,1.000,1.000)|parent(-117.500,2.500,18.000)|depth1|mesh(0.000,0.000,0.000)(0.600,0.400,0.010)
3d||pos(-13.000,0.080,50.000)|x(1.000,0.000,0.000)|z(0.000,0.000,1.000)|scale(1.000,1.000,1.000)|mesh(0.000,0.000,0.000)(0.250,0.010,2.500)
3d||pos(-13.500,0.080,-50.000)|x(1.000,0.000,0.000)|z(0.000,0.000,1.000)|scale(1.000,1.000,1.000)|mesh(0.000,0.000,0.000)(0.250,0.010,2.500)
3d||pos(-13.500,0.080,0.000)|x(1.000,0.000,0.000)|z(0.000,0.000,1.000)|scale(1.000,1.000,1.000)|mesh(0.000,0.000,0.000)(0.250,0.010,2.500)
3d||pos(-14.000,0.080,50.000)|x(1.000,0.000,0.000)|z(0.000,0.000,1.000)|scale(1.000,1.000,1.000)|mesh(0.000,0.000,0.000)(0.250,0.010,2.500)
3d||pos(-14.500,0.080,-50.000)|x(1.000,0.000,0.000)|z(0.000,0.000,1.000)|scale(1.000,1.000,1.000)|mesh(0.000,0.000,0.000)(0.250,0.010,2.500)
3d||pos(-14.500,0.080,0.000)|x(1.000,0.000,0.000)|z(0.000,0.000,1.000)|scale(1.000,1.000,1.000)|mesh(0.000,0.000,0.000)(0.250,0.010,2.500)
3d||pos(-15.000,0.080,50.000)|x(1.000,0.000,0.000)|z(0.000,0.000,1.000)|scale(1.000,1.000,1.000)|mesh(0.000,0.000,0.000)(0.250,0.010,2.500)
3d||pos(-15.500,0.080,-50.000)|x(1.000,0.000,0.000)|z(0.000,0.000,1.000)|scale(1.000,1.000,1.000)|mesh(0.000,0.000,0.000)(0.250,0.010,2.500)
3d||pos(-15.500,0.080,0.000)|x(1.000,0.000,0.000)|z(0.000,0.000,1.000)|scale(1.000,1.000,1.000)|mesh(0.000,0.000,0.000)(0.250,0.010,2.500)
3d||pos(-16.000,0.080,50.000)|x(1.000,0.000,0.000)|z(0.000,0.000,1.000)|scale(1.000,1.000,1.000)|mesh(0.000,0.000,0.000)(0.250,0.010,2.500)
3d||pos(-16.500,0.080,-50.000)|x(1.000,0.000,0.000)|z(0.000,0.000,1.000)|scale(1.000,1.000,1.000)|mesh(0.000,0.000,0.000)(0.250,0.010,2.500)
3d||pos(-16.500,0.080,0.000)|x(1.000,0.000,0.000)|z(0.000,0.000,1.000)|scale(1.000,1.000,1.000)|mesh(0.000,0.000,0.000)(0.250,0.010,2.500)
3d||pos(-17.000,0.080,50.000)|x(1.000,0.000,0.000)|z(0.000,0.000,1.000)|scale(1.000,1.000,1.000)|mesh(0.000,0.000,0.000)(0.250,0.010,2.500)
3d||pos(-17.000,8.000,-71.800)|x(1.000,0.000,0.000)|z(0.000,0.000,1.000)|scale(1.000,1.000,1.000)|parent(-17.000,8.000,-72.000)|depth1|mesh(0.000,0.000,0.000)(1.250,1.250,0.025)
3d||pos(-17.000,8.000,-72.050)|x(1.000,0.000,0.000)|z(0.000,0.000,1.000)|scale(1.000,1.000,1.000)|parent(-17.000,8.000,-72.000)|depth1|mesh(0.000,0.000,0.000)(1.350,1.300,0.150)
3d||pos(-17.000,8.000,-73.000)|x(1.000,0.000,0.000)|z(0.000,0.000,1.000)|scale(1.000,1.000,1.000)|parent(-17.000,8.000,-72.000)|depth1
3d||pos(-17.500,0.080,-50.000)|x(1.000,0.000,0.000)|z(0.000,0.000,1.000)|scale(1.000,1.000,1.000)|mesh(0.000,0.000,0.000)(0.250,0.010,2.500)
3d||pos(-17.500,0.080,0.000)|x(1.000,0.000,0.000)|z(0.000,0.000,1.000)|scale(1.000,1.000,1.000)|mesh(0.000,0.000,0.000)(0.250,0.010,2.500)
3d||pos(-18.000,0.080,50.000)|x(1.000,0.000,0.000)|z(0.000,0.000,1.000)|scale(1.000,1.000,1.000)|mesh(0.000,0.000,0.000)(0.250,0.010,2.500)
3d||pos(-20.000,0.000,-72.000)|x(1.000,0.000,0.000)|z(0.000,0.000,1.000)|scale(1.000,1.000,1.000)|col:cylinder(2.500,0.150)
3d||pos(-20.000,0.000,40.000)|x(1.000,0.000,0.000)|z(0.000,0.000,1.000)|scale(1.000,1.000,1.000)|col:cylinder(2.500,0.150)
3d||pos(-20.000,0.150,-72.000)|x(1.000,0.000,0.000)|z(0.000,0.000,1.000)|scale(1.000,1.000,1.000)|parent(-20.000,0.000,-72.000)|depth1|mesh(0.000,0.000,0.000)(0.200,0.150,0.200)
3d||pos(-20.000,0.150,40.000)|x(1.000,0.000,0.000)|z(0.000,0.000,1.000)|scale(1.000,1.000,1.000)|parent(-20.000,0.000,40.000)|depth1|mesh(0.000,0.000,0.000)(0.200,0.150,0.200)
3d||pos(-20.000,2.500,-72.000)|x(1.000,0.000,0.000)|z(0.000,0.000,1.000)|scale(1.000,1.000,1.000)|parent(-20.000,0.000,-72.000)|depth1|mesh(0.000,0.000,0.000)(0.080,2.500,0.080)
3d||pos(-20.000,2.500,40.000)|x(1.000,0.000,0.000)|z(0.000,0.000,1.000)|scale(1.000,1.000,1.000)|parent(-20.000,0.000,40.000)|depth1|mesh(0.000,0.000,0.000)(0.080,2.500,0.080)
3d||pos(-20.000,5.000,-72.000)|x(1.000,0.000,0.000)|z(0.000,0.000,1.000)|scale(1.000,1.000,1.000)|parent(-20.000,0.000,-72.000)|depth1|mesh(0.000,0.000,0.000)(0.298,0.300,0.300)
3d||pos(-20.000,5.000,-72.000)|x(1.000,0.000,0.000)|z(0.000,0.000,1.000)|scale(1.000,1.000,1.000)|parent(-20.000,0.000,-72.000)|depth1|streetlight:true
3d||pos(-20.000,5.000,40.000)|x(1.000,0.000,0.000)|z(0.000,0.000,1.000)|scale(1.000,1.000,1.000)|parent(-20.000,0.000,40.000)|depth1|mesh(0.000,0.000,0.000)(0.298,0.300,0.300)
3d||pos(-20.000,5.000,40.000)|x(1.000,0.000,0.000)|z(0.000,0.000,1.000)|scale(1.000,1.000,1.000)|parent(-20.000,0.000,40.000)|depth1|streetlight:true
3d||pos(-25.000,0.000,8.000)|x(1.000,0.000,0.000)|z(0.000,0.000,1.000)|scale(1.000,1.000,1.000)|col:cylinder(2.500,0.150)
3d||pos(-25.000,0.150,8.000)|x(1.000,0.000,0.000)|z(0.000,0.000,1.000)|scale(1.000,1.000,1.000)|parent(-25.000,0.000,8.000)|depth1|mesh(0.000,0.000,0.000)(0.200,0.150,0.200)
3d||pos(-25.000,2.500,8.000)|x(1.000,0.000,0.000)|z(0.000,0.000,1.000)|scale(1.000,1.000,1.000)|parent(-25.000,0.000,8.000)|depth1|mesh(0.000,0.000,0.000)(0.080,2.500,0.080)
3d||pos(-25.000,5.000,8.000)|x(1.000,0.000,0.000)|z(0.000,0.000,1.000)|scale(1.000,1.000,1.000)|parent(-25.000,0.000,8.000)|depth1|mesh(0.000,0.000,0.000)(0.298,0.300,0.300)
3d||pos(-25.000,5.000,8.000)|x(1.000,0.000,0.000)|z(0.000,0.000,1.000)|scale(1.000,1.000,1.000)|parent(-25.000,0.000,8.000)|depth1|streetlight:true
3d||pos(-27.500,5.000,41.000)|x(1.000,0.000,0.000)|z(0.000,0.000,1.000)|scale(1.000,1.000,1.000)|parent(-27.500,5.000,42.000)|depth1
3d||pos(-27.500,5.000,41.950)|x(1.000,0.000,0.000)|z(0.000,0.000,1.000)|scale(1.000,1.000,1.000)|parent(-27.500,5.000,42.000)|depth1|mesh(0.000,0.000,0.000)(1.600,0.450,0.150)
3d||pos(-27.500,5.000,42.200)|x(1.000,0.000,0.000)|z(0.000,0.000,1.000)|scale(1.000,1.000,1.000)|parent(-27.500,5.000,42.000)|depth1|mesh(0.000,0.000,0.000)(1.500,0.400,0.025)
3d||pos(-28.250,0.200,-25.000)|x(1.000,0.000,0.000)|z(0.000,0.000,1.000)|scale(1.000,1.000,1.000)|mesh(0.000,0.000,0.000)(20.750,0.000,4.000)
3d||pos(-28.250,0.200,-50.000)|x(1.000,0.000,0.000)|z(0.000,0.000,1.000)|scale(1.000,1.000,1.000)|mesh(0.000,0.000,0.000)(20.750,0.000,7.500)
3d||pos(-28.250,0.200,0.000)|x(1.000,0.000,0.000)|z(0.000,0.000,1.000)|scale(1.000,1.000,1.000)|mesh(0.000,0.000,0.000)(20.750,0.000,7.500)
3d||pos(-3.000,0.080,50.000)|x(1.000,0.000,0.000)|z(0.000,0.000,1.000)|scale(1.000,1.000,1.000)|mesh(0.000,0.000,0.000)(0.250,0.010,2.500)
3d||pos(-3.500,0.080,-50.000)|x(1.000,0.000,0.000)|z(0.000,0.000,1.000)|scale(1.000,1.000,1.000)|mesh(0.000,0.000,0.000)(0.250,0.010,2.500)
3d||pos(-3.500,0.080,0.000)|x(1.000,0.000,0.000)|z(0.000,0.000,1.000)|scale(1.000,1.000,1.000)|mesh(0.000,0.000,0.000)(0.250,0.010,2.500)
3d||pos(-30.000,0.400,12.000)|x(1.000,0.000,0.000)|z(0.000,0.000,1.000)|scale(1.000,1.000,1.000)|mesh(0.000,0.000,0.000)(0.250,0.400,0.250)|col:cylinder(0.400,0.250)
3d||pos(-30.000,0.600,12.240)|x(1.000,0.000,0.000)|z(0.000,0.000,1.000)|scale(1.000,1.000,1.000)|parent(-30.000,0.400,12.000)|depth1|mesh(0.000,0.000,0.000)(0.075,0.075,0.010)
3d||pos(-30.000,0.800,12.000)|x(1.000,0.000,0.000)|z(0.000,0.000,1.000)|scale(1.000,1.000,1.000)|parent(-30.000,0.400,12.000)|depth1|mesh(0.000,0.000,0.000)(0.280,0.025,0.280)
3d||pos(-32.000,0.900,-22.000)|x(1.000,0.000,0.000)|z(0.000,0.000,1.000)|scale(1.000,1.000,1.000)|mesh(0.000,0.000,0.000)(0.400,0.900,0.300)|col:cuboid(0.400,0.900,0.300)
3d||pos(-32.000,1.100,-21.720)|x(1.000,0.000,0.000)|z(0.000,0.000,1.000)|scale(1.000,1.000,1.000)|parent(-32.000,0.900,-22.000)|depth1|mesh(0.000,0.000,0.000)(0.300,0.600,0.025)
3d||pos(-32.000,1.650,-21.720)|x(1.000,0.000,0.000)|z(0.000,0.000,1.000)|scale(1.000,1.000,1.000)|parent(-32.000,0.900,-22.000)|depth1|mesh(0.000,0.000,0.000)(0.250,0.100,0.025)
3d||pos(-35.000,25.000,-20.300)|x(1.000,0.000,0.000)|z(0.000,0.000,1.000)|scale(1.000,1.000,1.000)|parent(-35.000,25.000,-20.500)|depth1|mesh(0.000,0.000,0.000)(2.500,0.600,0.025)
3d||pos(-35.000,25.000,-20.550)|x(1.000,0.000,0.000)|z(0.000,0.000,1.000)|scale(1.000,1.000,1.000)|parent(-35.000,25.000,-20.500)|depth1|mesh(0.000,0.000,0.000)(2.600,0.650,0.150)
3d||pos(-35.000,25.000,-21.500)|x(1.000,0.000,0.000)|z(0.000,0.000,1.000)|scale(1.000,1.000,1.000)|parent(-35.000,25.000,-20.500)|depth1
3d||pos(-39.500,0.080,50.000)|x(1.000,0.000,0.000)|z(0.000,0.000,1.000)|scale(1.000,1.000,1.000)|mesh(0.000,0.000,0.000)(0.250,0.010,2.500)
3d||pos(-4.000,0.080,50.000)|x(1.000,0.000,0.000)|z(0.000,0.000,1.000)|scale(1.000,1.000,1.000)|mesh(0.000,0.000,0.000)(0.250,0.010,2.500)
3d||pos(-4.500,0.080,-50.000)|x(1.000,0.000,0.000)|z(0.000,0.000,1.000)|scale(1.000,1.000,1.000)|mesh(0.000,0.000,0.000)(0.250,0.010,2.500)
3d||pos(-4.500,0.080,0.000)|x(1.000,0.000,0.000)|z(0.000,0.000,1.000)|scale(1.000,1.000,1.000)|mesh(0.000,0.000,0.000)(0.250,0.010,2.500)
3d||pos(-40.000,0.080,-50.000)|x(1.000,0.000,0.000)|z(0.000,0.000,1.000)|scale(1.000,1.000,1.000)|mesh(0.000,0.000,0.000)(0.250,0.010,2.500)
3d||pos(-40.000,0.080,0.000)|x(1.000,0.000,0.000)|z(0.000,0.000,1.000)|scale(1.000,1.000,1.000)|mesh(0.000,0.000,0.000)(0.250,0.010,2.500)
3d||pos(-40.500,0.080,50.000)|x(1.000,0.000,0.000)|z(0.000,0.000,1.000)|scale(1.000,1.000,1.000)|mesh(0.000,0.000,0.000)(0.250,0.010,2.500)
3d||pos(-41.000,0.080,-50.000)|x(1.000,0.000,0.000)|z(0.000,0.000,1.000)|scale(1.000,1.000,1.000)|mesh(0.000,0.000,0.000)(0.250,0.010,2.500)
3d||pos(-41.000,0.080,0.000)|x(1.000,0.000,0.000)|z(0.000,0.000,1.000)|scale(1.000,1.000,1.000)|mesh(0.000,0.000,0.000)(0.250,0.010,2.500)
3d||pos(-41.500,0.080,50.000)|x(1.000,0.000,0.000)|z(0.000,0.000,1.000)|scale(1.000,1.000,1.000)|mesh(0.000,0.000,0.000)(0.250,0.010,2.500)
3d||pos(-42.000,0.080,-50.000)|x(1.000,0.000,0.000)|z(0.000,0.000,1.000)|scale(1.000,1.000,1.000)|mesh(0.000,0.000,0.000)(0.250,0.010,2.500)
3d||pos(-42.000,0.080,0.000)|x(1.000,0.000,0.000)|z(0.000,0.000,1.000)|scale(1.000,1.000,1.000)|mesh(0.000,0.000,0.000)(0.250,0.010,2.500)
3d||pos(-42.500,0.080,50.000)|x(1.000,0.000,0.000)|z(0.000,0.000,1.000)|scale(1.000,1.000,1.000)|mesh(0.000,0.000,0.000)(0.250,0.010,2.500)
3d||pos(-43.000,0.080,-50.000)|x(1.000,0.000,0.000)|z(0.000,0.000,1.000)|scale(1.000,1.000,1.000)|mesh(0.000,0.000,0.000)(0.250,0.010,2.500)
3d||pos(-43.000,0.080,0.000)|x(1.000,0.000,0.000)|z(0.000,0.000,1.000)|scale(1.000,1.000,1.000)|mesh(0.000,0.000,0.000)(0.250,0.010,2.500)
3d||pos(-43.500,0.080,50.000)|x(1.000,0.000,0.000)|z(0.000,0.000,1.000)|scale(1.000,1.000,1.000)|mesh(0.000,0.000,0.000)(0.250,0.010,2.500)
3d||pos(-44.000,0.080,-50.000)|x(1.000,0.000,0.000)|z(0.000,0.000,1.000)|scale(1.000,1.000,1.000)|mesh(0.000,0.000,0.000)(0.250,0.010,2.500)
3d||pos(-44.000,0.080,0.000)|x(1.000,0.000,0.000)|z(0.000,0.000,1.000)|scale(1.000,1.000,1.000)|mesh(0.000,0.000,0.000)(0.250,0.010,2.500)
3d||pos(-44.500,0.080,50.000)|x(1.000,0.000,0.000)|z(0.000,0.000,1.000)|scale(1.000,1.000,1.000)|mesh(0.000,0.000,0.000)(0.250,0.010,2.500)
3d||pos(-45.000,0.080,-50.000)|x(1.000,0.000,0.000)|z(0.000,0.000,1.000)|scale(1.000,1.000,1.000)|mesh(0.000,0.000,0.000)(0.250,0.010,2.500)
3d||pos(-45.000,0.080,0.000)|x(1.000,0.000,0.000)|z(0.000,0.000,1.000)|scale(1.000,1.000,1.000)|mesh(0.000,0.000,0.000)(0.250,0.010,2.500)
3d||pos(-45.500,0.080,50.000)|x(1.000,0.000,0.000)|z(0.000,0.000,1.000)|scale(1.000,1.000,1.000)|mesh(0.000,0.000,0.000)(0.250,0.010,2.500)
3d||pos(-46.000,0.080,-50.000)|x(1.000,0.000,0.000)|z(0.000,0.000,1.000)|scale(1.000,1.000,1.000)|mesh(0.000,0.000,0.000)(0.250,0.010,2.500)
3d||pos(-46.000,0.080,0.000)|x(1.000,0.000,0.000)|z(0.000,0.000,1.000)|scale(1.000,1.000,1.000)|mesh(0.000,0.000,0.000)(0.250,0.010,2.500)
3d||pos(-46.500,0.080,50.000)|x(1.000,0.000,0.000)|z(0.000,0.000,1.000)|scale(1.000,1.000,1.000)|mesh(0.000,0.000,0.000)(0.250,0.010,2.500)
3d||pos(-47.000,0.000,-15.000)|x(1.000,0.000,0.000)|z(0.000,0.000,1.000)|scale(1.000,1.000,1.000)|col:cylinder(2.500,0.150)
3d||pos(-47.000,0.000,-55.000)|x(1.000,0.000,0.000)|z(0.000,0.000,1.000)|scale(1.000,1.000,1.000)|col:cylinder(2.500,0.150)
3d||pos(-47.000,0.000,25.000)|x(1.000,0.000,0.000)|z(0.000,0.000,1.000)|scale(1.000,1.000,1.000)|col:cylinder(2.500,0.150)
3d||pos(-47.000,0.080,-50.000)|x(1.000,0.000,0.000)|z(0.000,0.000,1.000)|scale(1.000,1.000,1.000)|mesh(0.000,0.000,0.000)(0.250,0.010,2.500)
3d||pos(-47.000,0.080,0.000)|x(1.000,0.000,0.000)|z(0.000,0.000,1.000)|scale(1.000,1.000,1.000)|mesh(0.000,0.000,0.000)(0.250,0.010,2.500)
3d||pos(-47.000,0.150,-15.000)|x(1.000,0.000,0.000)|z(0.000,0.000,1.000)|scale(1.000,1.000,1.000)|parent(-47.000,0.000,-15.000)|depth1|mesh(0.000,0.000,0.000)(0.200,0.150,0.200)
3d||pos(-47.000,0.150,-55.000)|x(1.000,0.000,0.000)|z(0.000,0.000,1.000)|scale(1.000,1.000,1.000)|parent(-47.000,0.000,-55.000)|depth1|mesh(0.000,0.000,0.000)(0.200,0.150,0.200)
3d||pos(-47.000,0.150,25.000)|x(1.000,0.000,0.000)|z(0.000,0.000,1.000)|scale(1.000,1.000,1.000)|parent(-47.000,0.000,25.000)|depth1|mesh(0.000,0.000,0.000)(0.200,0.150,0.200)
3d||pos(-47.000,2.500,-15.000)|x(1.000,0.000,0.000)|z(0.000,0.000,1.000)|scale(1.000,1.000,1.000)|parent(-47.000,0.000,-15.000)|depth1|mesh(0.000,0.000,0.000)(0.080,2.500,0.080)
3d||pos(-47.000,2.500,-55.000)|x(1.000,0.000,0.000)|z(0.000,0.000,1.000)|scale(1.000,1.000,1.000)|parent(-47.000,0.000,-55.000)|depth1|mesh(0.000,0.000,0.000)(0.080,2.500,0.080)
3d||pos(-47.000,2.500,25.000)|x(1.000,0.000,0.000)|z(0.000,0.000,1.000)|scale(1.000,1.000,1.000)|parent(-47.000,0.000,25.000)|depth1|mesh(0.000,0.000,0.000)(0.080,2.500,0.080)
3d||pos(-47.000,5.000,-15.000)|x(1.000,0.000,0.000)|z(0.000,0.000,1.000)|scale(1.000,1.000,1.000)|parent(-47.000,0.000,-15.000)|depth1|mesh(0.000,0.000,0.000)(0.298,0.300,0.300)
3d||pos(-47.000,5.000,-15.000)|x(1.000,0.000,0.000)|z(0.000,0.000,1.000)|scale(1.000,1.000,1.000)|parent(-47.000,0.000,-15.000)|depth1|streetlight:true
3d||pos(-47.000,5.000,-55.000)|x(1.000,0.000,0.000)|z(0.000,0.000,1.000)|scale(1.000,1.000,1.000)|parent(-47.000,0.000,-55.000)|depth1|mesh(0.000,0.000,0.000)(0.298,0.300,0.300)
3d||pos(-47.000,5.000,-55.000)|x(1.000,0.000,0.000)|z(0.000,0.000,1.000)|scale(1.000,1.000,1.000)|parent(-47.000,0.000,-55.000)|depth1|streetlight:true
3d||pos(-47.000,5.000,25.000)|x(1.000,0.000,0.000)|z(0.000,0.000,1.000)|scale(1.000,1.000,1.000)|parent(-47.000,0.000,25.000)|depth1|mesh(0.000,0.000,0.000)(0.298,0.300,0.300)
3d||pos(-47.000,5.000,25.000)|x(1.000,0.000,0.000)|z(0.000,0.000,1.000)|scale(1.000,1.000,1.000)|parent(-47.000,0.000,25.000)|depth1|streetlight:true
3d||pos(-47.500,0.080,50.000)|x(1.000,0.000,0.000)|z(0.000,0.000,1.000)|scale(1.000,1.000,1.000)|mesh(0.000,0.000,0.000)(0.250,0.010,2.500)
3d||pos(-47.840,4.100,-87.000)|x(0.000,0.000,-1.000)|z(1.000,0.000,0.000)|scale(1.000,1.000,1.000)|parent(-48.000,0.000,-87.000)|depth1|mesh(0.000,0.000,0.000)(0.119,0.120,0.120)
3d||pos(-47.840,4.100,41.000)|x(0.000,0.000,-1.000)|z(1.000,0.000,0.000)|scale(1.000,1.000,1.000)|parent(-48.000,0.000,41.000)|depth1|mesh(0.000,0.000,0.000)(0.119,0.120,0.120)
3d||pos(-47.840,4.500,-87.000)|x(0.000,0.000,-1.000)|z(1.000,0.000,0.000)|scale(1.000,1.000,1.000)|parent(-48.000,0.000,-87.000)|depth1|mesh(0.000,0.000,0.000)(0.119,0.120,0.120)
3d||pos(-47.840,4.500,41.000)|x(0.000,0.000,-1.000)|z(1.000,0.000,0.000)|scale(1.000,1.000,1.000)|parent(-48.000,0.000,41.000)|depth1|mesh(0.000,0.000,0.000)(0.119,0.120,0.120)
3d||pos(-47.840,4.900,-87.000)|x(0.000,0.000,-1.000)|z(1.000,0.000,0.000)|scale(1.000,1.000,1.000)|parent(-48.000,0.000,-87.000)|depth1|mesh(0.000,0.000,0.000)(0.119,0.120,0.120)
3d||pos(-47.840,4.900,41.000)|x(0.000,0.000,-1.000)|z(1.000,0.000,0.000)|scale(1.000,1.000,1.000)|parent(-48.000,0.000,41.000)|depth1|mesh(0.000,0.000,0.000)(0.119,0.120,0.120)
3d||pos(-48.000,0.080,-50.000)|x(1.000,0.000,0.000)|z(0.000,0.000,1.000)|scale(1.000,1.000,1.000)|mesh(0.000,0.000,0.000)(0.250,0.010,2.500)
3d||pos(-48.000,0.080,0.000)|x(1.000,0.000,0.000)|z(0.000,0.000,1.000)|scale(1.000,1.000,1.000)|mesh(0.000,0.000,0.000)(0.250,0.010,2.500)
3d||pos(-48.000,2.000,-73.000)|x(1.000,0.000,0.000)|z(0.000,0.000,1.000)|scale(1.000,1.000,1.000)|parent(-48.000,0.000,-73.000)|depth1|mesh(0.000,0.000,0.000)(0.100,2.000,0.100)
3d||pos(-48.000,2.000,-87.000)|x(0.000,0.000,-1.000)|z(1.000,0.000,0.000)|scale(1.000,1.000,1.000)|parent(-48.000,0.000,-87.000)|depth1|mesh(0.000,0.000,0.000)(0.100,2.000,0.100)
3d||pos(-48.000,2.000,41.000)|x(0.000,0.000,-1.000)|z(1.000,0.000,0.000)|scale(1.000,1.000,1.000)|parent(-48.000,0.000,41.000)|depth1|mesh(0.000,0.000,0.000)(0.100,2.000,0.100)
3d||pos(-48.000,2.000,59.000)|x(1.000,0.000,0.000)|z(0.000,0.000,1.000)|scale(1.000,1.000,1.000)|parent(-48.000,0.000,59.000)|depth1|mesh(0.000,0.000,0.000)(0.100,2.000,0.100)
3d||pos(-48.000,4.100,-72.840)|x(1.000,0.000,0.000)|z(0.000,0.000,1.000)|scale(1.000,1.000,1.000)|parent(-48.000,0.000,-73.000)|depth1|mesh(0.000,0.000,0.000)(0.119,0.120,0.120)
3d||pos(-48.000,4.100,59.160)|x(1.000,0.000,0.000)|z(0.000,0.000,1.000)|scale(1.000,1.000,1.000)|parent(-48.000,0.000,59.000)|depth1|mesh(0.000,0.000,0.000)(0.119,0.120,0.120)
3d||pos(-48.000,4.500,-72.840)|x(1.000,0.000,0.000)|z(0.000,0.000,1.000)|scale(1.000,1.000,1.000)|parent(-48.000,0.000,-73.000)|depth1|mesh(0.000,0.000,0.000)(0.119,0.120,0.120)
3d||pos(-48.000,4.500,-73.000)|x(1.000,0.000,0.000)|z(0.000,0.000,1.000)|scale(1.000,1.000,1.000)|parent(-48.000,0.000,-73.000)|depth1|mesh(0.000,0.000,0.000)(0.250,0.600,0.150)
3d||pos(-48.000,4.500,-87.000)|x(0.000,0.000,-1.000)|z(1.000,0.000,0.000)|scale(1.000,1.000,1.000)|parent(-48.000,0.000,-87.000)|depth1|mesh(0.000,0.000,0.000)(0.250,0.600,0.150)
3d||pos(-48.000,4.500,41.000)|x(0.000,0.000,-1.000)|z(1.000,0.000,0.000)|scale(1.000,1.000,1.000)|parent(-48.000,0.000,41.000)|depth1|mesh(0.000,0.000,0.000)(0.250,0.600,0.150)
3d||pos(-48.000,4.500,59.000)|x(1.000,0.000,0.000)|z(0.000,0.000,1.000)|scale(1.000,1.000,1.000)|parent(-48.000,0.000,59.000)|depth1|mesh(0.000,0.000,0.000)(0.250,0.600,0.150)
3d||pos(-48.000,4.500,59.160)|x(1.000,0.000,0.000)|z(0.000,0.000,1.000)|scale(1.000,1.000,1.000)|parent(-48.000,0.000,59.000)|depth1|mesh(0.000,0.000,0.000)(0.119,0.120,0.120)
3d||pos(-48.000,4.900,-72.840)|x(1.000,0.000,0.000)|z(0.000,0.000,1.000)|scale(1.000,1.000,1.000)|parent(-48.000,0.000,-73.000)|depth1|mesh(0.000,0.000,0.000)(0.119,0.120,0.120)
3d||pos(-48.000,4.900,59.160)|x(1.000,0.000,0.000)|z(0.000,0.000,1.000)|scale(1.000,1.000,1.000)|parent(-48.000,0.000,59.000)|depth1|mesh(0.000,0.000,0.000)(0.119,0.120,0.120)
3d||pos(-48.500,0.080,50.000)|x(1.000,0.000,0.000)|z(0.000,0.000,1.000)|scale(1.000,1.000,1.000)|mesh(0.000,0.000,0.000)(0.250,0.010,2.500)
3d||pos(-49.000,0.080,-50.000)|x(1.000,0.000,0.000)|z(0.000,0.000,1.000)|scale(1.000,1.000,1.000)|mesh(0.000,0.000,0.000)(0.250,0.010,2.500)
3d||pos(-49.000,0.080,0.000)|x(1.000,0.000,0.000)|z(0.000,0.000,1.000)|scale(1.000,1.000,1.000)|mesh(0.000,0.000,0.000)(0.250,0.010,2.500)
3d||pos(-49.500,0.080,50.000)|x(1.000,0.000,0.000)|z(0.000,0.000,1.000)|scale(1.000,1.000,1.000)|mesh(0.000,0.000,0.000)(0.250,0.010,2.500)
3d||pos(-5.000,0.080,50.000)|x(1.000,0.000,0.000)|z(0.000,0.000,1.000)|scale(1.000,1.000,1.000)|mesh(0.000,0.000,0.000)(0.250,0.010,2.500)
3d||pos(-5.500,0.080,-50.000)|x(1.000,0.000,0.000)|z(0.000,0.000,1.000)|scale(1.000,1.000,1.000)|mesh(0.000,0.000,0.000)(0.250,0.010,2.500)
3d||pos(-5.500,0.080,0.000)|x(1.000,0.000,0.000)|z(0.000,0.000,1.000)|scale(1.000,1.000,1.000)|mesh(0.000,0.000,0.000)(0.250,0.010,2.500)
3d||pos(-50.000,0.080,-50.000)|x(1.000,0.000,0.000)|z(0.000,0.000,1.000)|scale(1.000,1.000,1.000)|mesh(0.000,0.000,0.000)(0.250,0.010,2.500)
3d||pos(-50.000,0.080,0.000)|x(1.000,0.000,0.000)|z(0.000,0.000,1.000)|scale(1.000,1.000,1.000)|mesh(0.000,0.000,0.000)(0.250,0.010,2.500)
3d||pos(-50.500,0.080,50.000)|x(1.000,0.000,0.000)|z(0.000,0.000,1.000)|scale(1.000,1.000,1.000)|mesh(0.000,0.000,0.000)(0.250,0.010,2.500)
3d||pos(-51.000,0.080,-50.000)|x(1.000,0.000,0.000)|z(0.000,0.000,1.000)|scale(1.000,1.000,1.000)|mesh(0.000,0.000,0.000)(0.250,0.010,2.500)
3d||pos(-51.000,0.080,0.000)|x(1.000,0.000,0.000)|z(0.000,0.000,1.000)|scale(1.000,1.000,1.000)|mesh(0.000,0.000,0.000)(0.250,0.010,2.500)
3d||pos(-51.000,0.300,-15.000)|x(1.000,0.000,0.000)|z(0.000,0.000,1.000)|scale(1.000,1.000,1.000)|mesh(0.000,0.000,0.000)(2.000,0.000,90.000)
3d||pos(-51.500,0.080,50.000)|x(1.000,0.000,0.000)|z(0.000,0.000,1.000)|scale(1.000,1.000,1.000)|mesh(0.000,0.000,0.000)(0.250,0.010,2.500)
3d||pos(-52.000,0.080,-50.000)|x(1.000,0.000,0.000)|z(0.000,0.000,1.000)|scale(1.000,1.000,1.000)|mesh(0.000,0.000,0.000)(0.250,0.010,2.500)
3d||pos(-52.000,0.080,0.000)|x(1.000,0.000,0.000)|z(0.000,0.000,1.000)|scale(1.000,1.000,1.000)|mesh(0.000,0.000,0.000)(0.250,0.010,2.500)
3d||pos(-52.500,0.080,50.000)|x(1.000,0.000,0.000)|z(0.000,0.000,1.000)|scale(1.000,1.000,1.000)|mesh(0.000,0.000,0.000)(0.250,0.010,2.500)
3d||pos(-53.000,0.080,-50.000)|x(1.000,0.000,0.000)|z(0.000,0.000,1.000)|scale(1.000,1.000,1.000)|mesh(0.000,0.000,0.000)(0.250,0.010,2.500)
3d||pos(-53.000,0.080,0.000)|x(1.000,0.000,0.000)|z(0.000,0.000,1.000)|scale(1.000,1.000,1.000)|mesh(0.000,0.000,0.000)(0.250,0.010,2.500)
3d||pos(-53.500,0.080,50.000)|x(1.000,0.000,0.000)|z(0.000,0.000,1.000)|scale(1.000,1.000,1.000)|mesh(0.000,0.000,0.000)(0.250,0.010,2.500)
3d||pos(-53.950,0.600,47.400)|x(0.000,0.000,1.000)|z(-1.000,0.000,0.000)|scale(1.000,1.000,1.000)|parent(-56.000,0.500,48.000)|depth2|mesh(0.000,0.000,0.000)(0.200,0.100,0.050)
3d||pos(-53.950,0.600,48.600)|x(0.000,0.000,1.000)|z(-1.000,0.000,0.000)|scale(1.000,1.000,1.000)|parent(-56.000,0.500,48.000)|depth2|mesh(0.000,0.000,0.000)(0.200,0.100,0.050)
3d||pos(-54.000,0.080,-50.000)|x(1.000,0.000,0.000)|z(0.000,0.000,1.000)|scale(1.000,1.000,1.000)|mesh(0.000,0.000,0.000)(0.250,0.010,2.500)
3d||pos(-54.000,0.080,0.000)|x(1.000,0.000,0.000)|z(0.000,0.000,1.000)|scale(1.000,1.000,1.000)|mesh(0.000,0.000,0.000)(0.250,0.010,2.500)
3d||pos(-54.500,0.080,50.000)|x(1.000,0.000,0.000)|z(0.000,0.000,1.000)|scale(1.000,1.000,1.000)|mesh(0.000,0.000,0.000)(0.250,0.010,2.500)
3d||pos(-54.800,0.200,47.000)|x(0.000,1.000,0.000)|z(-1.000,0.000,0.000)|scale(1.000,1.000,1.000)|parent(-56.000,0.500,48.000)|depth2|mesh(0.000,0.000,0.000)(0.350,0.150,0.350)
3d||pos(-54.800,0.200,49.000)|x(0.000,1.000,0.000)|z(-1.000,0.000,0.000)|scale(1.000,1.000,1.000)|parent(-56.000,0.500,48.000)|depth2|mesh(0.000,0.000,0.000)(0.350,0.150,0.350)
3d||pos(-54.850,0.065,-15.000)|x(1.000,0.000,0.000)|z(0.000,0.000,1.000)|scale(1.000,1.000,1.000)|parent(-55.000,0.050,-15.000)|depth1|mesh(0.000,0.000,0.000)(0.100,0.005,90.000)
3d||pos(-55.000,0.050,-15.000)|x(1.000,0.000,0.000)|z(0.000,0.000,1.000)|scale(1.000,1.000,1.000)|mesh(0.000,0.000,0.000)(2.000,0.000,90.000)
3d||pos(-55.000,0.080,-10.000)|x(1.000,0.000,0.000)|z(0.000,0.000,1.000)|scale(1.000,1.000,1.000)|mesh(0.000,0.000,0.000)(2.500,0.010,0.250)
3d||pos(-55.000,0.080,-11.000)|x(1.000,0.000,0.000)|z(0.000,0.000,1.000)|scale(1.000,1.000,1.000)|mesh(0.000,0.000,0.000)(2.500,0.010,0.250)
3d||pos(-55.000,0.080,-12.000)|x(1.000,0.000,0.000)|z(0.000,0.000,1.000)|scale(1.000,1.000,1.000)|mesh(0.000,0.000,0.000)(2.500,0.010,0.250)
3d||pos(-55.000,0.080,-13.000)|x(1.000,0.000,0.000)|z(0.000,0.000,1.000)|scale(1.000,1.000,1.000)|mesh(0.000,0.000,0.000)(2.500,0.010,0.250)
3d||pos(-55.000,0.080,-14.000)|x(1.000,0.000,0.000)|z(0.000,0.000,1.000)|scale(1.000,1.000,1.000)|mesh(0.000,0.000,0.000)(2.500,0.010,0.250)
3d||pos(-55.000,0.080,-15.000)|x(1.000,0.000,0.000)|z(0.000,0.000,1.000)|scale(1.000,1.000,1.000)|mesh(0.000,0.000,0.000)(2.500,0.010,0.250)
3d||pos(-55.000,0.080,-16.000)|x(1.000,0.000,0.000)|z(0.000,0.000,1.000)|scale(1.000,1.000,1.000)|mesh(0.000,0.000,0.000)(2.500,0.010,0.250)
3d||pos(-55.000,0.080,-35.000)|x(1.000,0.000,0.000)|z(0.000,0.000,1.000)|scale(1.000,1.000,1.000)|mesh(0.000,0.000,0.000)(2.500,0.010,0.250)
3d||pos(-55.000,0.080,-36.000)|x(1.000,0.000,0.000)|z(0.000,0.000,1.000)|scale(1.000,1.000,1.000)|mesh(0.000,0.000,0.000)(2.500,0.010,0.250)
3d||pos(-55.000,0.080,-37.000)|x(1.000,0.000,0.000)|z(0.000,0.000,1.000)|scale(1.000,1.000,1.000)|mesh(0.000,0.000,0.000)(2.500,0.010,0.250)
3d||pos(-55.000,0.080,-38.000)|x(1.000,0.000,0.000)|z(0.000,0.000,1.000)|scale(1.000,1.000,1.000)|mesh(0.000,0.000,0.000)(2.500,0.010,0.250)
3d||pos(-55.000,0.080,-39.000)|x(1.000,0.000,0.000)|z(0.000,0.000,1.000)|scale(1.000,1.000,1.000)|mesh(0.000,0.000,0.000)(2.500,0.010,0.250)
3d||pos(-55.000,0.080,-40.000)|x(1.000,0.000,0.000)|z(0.000,0.000,1.000)|scale(1.000,1.000,1.000)|mesh(0.000,0.000,0.000)(2.500,0.010,0.250)
3d||pos(-55.000,0.080,-41.000)|x(1.000,0.000,0.000)|z(0.000,0.000,1.000)|scale(1.000,1.000,1.000)|mesh(0.000,0.000,0.000)(2.500,0.010,0.250)
3d||pos(-55.000,0.080,-42.000)|x(1.000,0.000,0.000)|z(0.000,0.000,1.000)|scale(1.000,1.000,1.000)|mesh(0.000,0.000,0.000)(2.500,0.010,0.250)
3d||pos(-55.000,0.080,-43.000)|x(1.000,0.000,0.000)|z(0.000,0.000,1.000)|scale(1.000,1.000,1.000)|mesh(0.000,0.000,0.000)(2.500,0.010,0.250)
3d||pos(-55.000,0.080,-44.000)|x(1.000,0.000,0.000)|z(0.000,0.000,1.000)|scale(1.000,1.000,1.000)|mesh(0.000,0.000,0.000)(2.500,0.010,0.250)
3d||pos(-55.000,0.080,-45.000)|x(1.000,0.000,0.000)|z(0.000,0.000,1.000)|scale(1.000,1.000,1.000)|mesh(0.000,0.000,0.000)(2.500,0.010,0.250)
3d||pos(-55.000,0.080,-46.000)|x(1.000,0.000,0.000)|z(0.000,0.000,1.000)|scale(1.000,1.000,1.000)|mesh(0.000,0.000,0.000)(2.500,0.010,0.250)
3d||pos(-55.000,0.080,-5.000)|x(1.000,0.000,0.000)|z(0.000,0.000,1.000)|scale(1.000,1.000,1.000)|mesh(0.000,0.000,0.000)(2.500,0.010,0.250)
3d||pos(-55.000,0.080,-55.000)|x(1.000,0.000,0.000)|z(0.000,0.000,1.000)|scale(1.000,1.000,1.000)|mesh(0.000,0.000,0.000)(2.500,0.010,0.250)
3d||pos(-55.000,0.080,-56.000)|x(1.000,0.000,0.000)|z(0.000,0.000,1.000)|scale(1.000,1.000,1.000)|mesh(0.000,0.000,0.000)(2.500,0.010,0.250)
3d||pos(-55.000,0.080,-57.000)|x(1.000,0.000,0.000)|z(0.000,0.000,1.000)|scale(1.000,1.000,1.000)|mesh(0.000,0.000,0.000)(2.500,0.010,0.250)
3d||pos(-55.000,0.080,-58.000)|x(1.000,0.000,0.000)|z(0.000,0.000,1.000)|scale(1.000,1.000,1.000)|mesh(0.000,0.000,0.000)(2.500,0.010,0.250)
3d||pos(-55.000,0.080,-59.000)|x(1.000,0.000,0.000)|z(0.000,0.000,1.000)|scale(1.000,1.000,1.000)|mesh(0.000,0.000,0.000)(2.500,0.010,0.250)
3d||pos(-55.000,0.080,-6.000)|x(1.000,0.000,0.000)|z(0.000,0.000,1.000)|scale(1.000,1.000,1.000)|mesh(0.000,0.000,0.000)(2.500,0.010,0.250)
3d||pos(-55.000,0.080,-60.000)|x(1.000,0.000,0.000)|z(0.000,0.000,1.000)|scale(1.000,1.000,1.000)|mesh(0.000,0.000,0.000)(2.500,0.010,0.250)
3d||pos(-55.000,0.080,-61.000)|x(1.000,0.000,0.000)|z(0.000,0.000,1.000)|scale(1.000,1.000,1.000)|mesh(0.000,0.000,0.000)(2.500,0.010,0.250)
3d||pos(-55.000,0.080,-62.000)|x(1.000,0.000,0.000)|z(0.000,0.000,1.000)|scale(1.000,1.000,1.000)|mesh(0.000,0.000,0.000)(2.500,0.010,0.250)
3d||pos(-55.000,0.080,-63.000)|x(1.000,0.000,0.000)|z(0.000,0.000,1.000)|scale(1.000,1.000,1.000)|mesh(0.000,0.000,0.000)(2.500,0.010,0.250)
3d||pos(-55.000,0.080,-64.000)|x(1.000,0.000,0.000)|z(0.000,0.000,1.000)|scale(1.000,1.000,1.000)|mesh(0.000,0.000,0.000)(2.500,0.010,0.250)
3d||pos(-55.000,0.080,-65.000)|x(1.000,0.000,0.000)|z(0.000,0.000,1.000)|scale(1.000,1.000,1.000)|mesh(0.000,0.000,0.000)(2.500,0.010,0.250)
3d||pos(-55.000,0.080,-66.000)|x(1.000,0.000,0.000)|z(0.000,0.000,1.000)|scale(1.000,1.000,1.000)|mesh(0.000,0.000,0.000)(2.500,0.010,0.250)
3d||pos(-55.000,0.080,-7.000)|x(1.000,0.000,0.000)|z(0.000,0.000,1.000)|scale(1.000,1.000,1.000)|mesh(0.000,0.000,0.000)(2.500,0.010,0.250)
3d||pos(-55.000,0.080,-8.000)|x(1.000,0.000,0.000)|z(0.000,0.000,1.000)|scale(1.000,1.000,1.000)|mesh(0.000,0.000,0.000)(2.500,0.010,0.250)
3d||pos(-55.000,0.080,-9.000)|x(1.000,0.000,0.000)|z(0.000,0.000,1.000)|scale(1.000,1.000,1.000)|mesh(0.000,0.000,0.000)(2.500,0.010,0.250)
3d||pos(-55.000,0.080,10.000)|x(1.000,0.000,0.000)|z(0.000,0.000,1.000)|scale(1.000,1.000,1.000)|mesh(0.000,0.000,0.000)(2.500,0.010,0.250)
3d||pos(-55.000,0.080,11.000)|x(1.000,0.000,0.000)|z(0.000,0.000,1.000)|scale(1.000,1.000,1.000)|mesh(0.000,0.000,0.000)(2.500,0.010,0.250)
3d||pos(-55.000,0.080,12.000)|x(1.000,0.000,0.000)|z(0.000,0.000,1.000)|scale(1.000,1.000,1.000)|mesh(0.000,0.000,0.000)(2.500,0.010,0.250)
3d||pos(-55.000,0.080,13.000)|x(1.000,0.000,0.000)|z(0.000,0.000,1.000)|scale(1.000,1.000,1.000)|mesh(0.000,0.000,0.000)(2.500,0.010,0.250)
3d||pos(-55.000,0.080,14.000)|x(1.000,0.000,0.000)|z(0.000,0.000,1.000)|scale(1.000,1.000,1.000)|mesh(0.000,0.000,0.000)(2.500,0.010,0.250)
3d||pos(-55.000,0.080,15.000)|x(1.000,0.000,0.000)|z(0.000,0.000,1.000)|scale(1.000,1.000,1.000)|mesh(0.000,0.000,0.000)(2.500,0.010,0.250)
3d||pos(-55.000,0.080,33.500)|x(1.000,0.000,0.000)|z(0.000,0.000,1.000)|scale(1.000,1.000,1.000)|mesh(0.000,0.000,0.000)(2.500,0.010,0.250)
3d||pos(-55.000,0.080,34.500)|x(1.000,0.000,0.000)|z(0.000,0.000,1.000)|scale(1.000,1.000,1.000)|mesh(0.000,0.000,0.000)(2.500,0.010,0.250)
3d||pos(-55.000,0.080,35.500)|x(1.000,0.000,0.000)|z(0.000,0.000,1.000)|scale(1.000,1.000,1.000)|mesh(0.000,0.000,0.000)(2.500,0.010,0.250)
3d||pos(-55.000,0.080,36.500)|x(1.000,0.000,0.000)|z(0.000,0.000,1.000)|scale(1.000,1.000,1.000)|mesh(0.000,0.000,0.000)(2.500,0.010,0.250)
3d||pos(-55.000,0.080,37.500)|x(1.000,0.000,0.000)|z(0.000,0.000,1.000)|scale(1.000,1.000,1.000)|mesh(0.000,0.000,0.000)(2.500,0.010,0.250)
3d||pos(-55.000,0.080,38.500)|x(1.000,0.000,0.000)|z(0.000,0.000,1.000)|scale(1.000,1.000,1.000)|mesh(0.000,0.000,0.000)(2.500,0.010,0.250)
3d||pos(-55.000,0.080,39.500)|x(1.000,0.000,0.000)|z(0.000,0.000,1.000)|scale(1.000,1.000,1.000)|mesh(0.000,0.000,0.000)(2.500,0.010,0.250)
3d||pos(-55.000,0.080,4.000)|x(1.000,0.000,0.000)|z(0.000,0.000,1.000)|scale(1.000,1.000,1.000)|mesh(0.000,0.000,0.000)(2.500,0.010,0.250)
3d||pos(-55.000,0.080,40.500)|x(1.000,0.000,0.000)|z(0.000,0.000,1.000)|scale(1.000,1.000,1.000)|mesh(0.000,0.000,0.000)(2.500,0.010,0.250)
3d||pos(-55.000,0.080,41.500)|x(1.000,0.000,0.000)|z(0.000,0.000,1.000)|scale(1.000,1.000,1.000)|mesh(0.000,0.000,0.000)(2.500,0.010,0.250)
3d||pos(-55.000,0.080,42.500)|x(1.000,0.000,0.000)|z(0.000,0.000,1.000)|scale(1.000,1.000,1.000)|mesh(0.000,0.000,0.000)(2.500,0.010,0.250)
3d||pos(-55.000,0.080,43.500)|x(1.000,0.000,0.000)|z(0.000,0.000,1.000)|scale(1.000,1.000,1.000)|mesh(0.000,0.000,0.000)(2.500,0.010,0.250)
3d||pos(-55.000,0.080,44.500)|x(1.000,0.000,0.000)|z(0.000,0.000,1.000)|scale(1.000,1.000,1.000)|mesh(0.000,0.000,0.000)(2.500,0.010,0.250)
3d||pos(-55.000,0.080,5.000)|x(1.000,0.000,0.000)|z(0.000,0.000,1.000)|scale(1.000,1.000,1.000)|mesh(0.000,0.000,0.000)(2.500,0.010,0.250)
3d||pos(-55.000,0.080,54.500)|x(1.000,0.000,0.000)|z(0.000,0.000,1.000)|scale(1.000,1.000,1.000)|mesh(0.000,0.000,0.000)(2.500,0.010,0.250)
3d||pos(-55.000,0.080,55.500)|x(1.000,0.000,0.000)|z(0.000,0.000,1.000)|scale(1.000,1.000,1.000)|mesh(0.000,0.000,0.000)(2.500,0.010,0.250)
3d||pos(-55.000,0.080,56.500)|x(1.000,0.000,0.000)|z(0.000,0.000,1.000)|scale(1.000,1.000,1.000)|mesh(0.000,0.000,0.000)(2.500,0.010,0.250)
3d||pos(-55.000,0.080,57.500)|x(1.000,0.000,0.000)|z(0.000,0.000,1.000)|scale(1.000,1.000,1.000)|mesh(0.000,0.000,0.000)(2.500,0.010,0.250)
3d||pos(-55.000,0.080,58.500)|x(1.000,0.000,0.000)|z(0.000,0.000,1.000)|scale(1.000,1.000,1.000)|mesh(0.000,0.000,0.000)(2.500,0.010,0.250)
3d||pos(-55.000,0.080,59.500)|x(1.000,0.000,0.000)|z(0.000,0.000,1.000)|scale(1.000,1.000,1.000)|mesh(0.000,0.000,0.000)(2.500,0.010,0.250)
3d||pos(-55.000,0.080,6.000)|x(1.000,0.000,0.000)|z(0.000,0.000,1.000)|scale(1.000,1.000,1.000)|mesh(0.000,0.000,0.000)(2.500,0.010,0.250)
3d||pos(-55.000,0.080,60.500)|x(1.000,0.000,0.000)|z(0.000,0.000,1.000)|scale(1.000,1.000,1.000)|mesh(0.000,0.000,0.000)(2.500,0.010,0.250)
3d||pos(-55.000,0.080,61.500)|x(1.000,0.000,0.000)|z(0.000,0.000,1.000)|scale(1.000,1.000,1.000)|mesh(0.000,0.000,0.000)(2.500,0.010,0.250)
3d||pos(-55.000,0.080,62.500)|x(1.000,0.000,0.000)|z(0.000,0.000,1.000)|scale(1.000,1.000,1.000)|mesh(0.000,0.000,0.000)(2.500,0.010,0.250)
3d||pos(-55.000,0.080,63.500)|x(1.000,0.000,0.000)|z(0.000,0.000,1.000)|scale(1.000,1.000,1.000)|mesh(0.000,0.000,0.000)(2.500,0.010,0.250)
3d||pos(-55.000,0.080,64.500)|x(1.000,0.000,0.000)|z(0.000,0.000,1.000)|scale(1.000,1.000,1.000)|mesh(0.000,0.000,0.000)(2.500,0.010,0.250)
3d||pos(-55.000,0.080,65.500)|x(1.000,0.000,0.000)|z(0.000,0.000,1.000)|scale(1.000,1.000,1.000)|mesh(0.000,0.000,0.000)(2.500,0.010,0.250)
3d||pos(-55.000,0.080,7.000)|x(1.000,0.000,0.000)|z(0.000,0.000,1.000)|scale(1.000,1.000,1.000)|mesh(0.000,0.000,0.000)(2.500,0.010,0.250)
3d||pos(-55.000,0.080,8.000)|x(1.000,0.000,0.000)|z(0.000,0.000,1.000)|scale(1.000,1.000,1.000)|mesh(0.000,0.000,0.000)(2.500,0.010,0.250)
3d||pos(-55.000,0.080,9.000)|x(1.000,0.000,0.000)|z(0.000,0.000,1.000)|scale(1.000,1.000,1.000)|mesh(0.000,0.000,0.000)(2.500,0.010,0.250)
3d||pos(-55.150,0.065,-15.000)|x(1.000,0.000,0.000)|z(0.000,0.000,1.000)|scale(1.000,1.000,1.000)|parent(-55.000,0.050,-15.000)|depth1|mesh(0.000,0.000,0.000)(0.100,0.005,90.000)
3d||pos(-55.800,1.050,48.000)|x(0.000,0.000,1.000)|z(-1.000,0.000,0.000)|scale(1.000,1.000,1.000)|parent(-56.000,0.500,48.000)|depth2|mesh(0.000,0.000,0.000)(0.900,0.250,1.000)
3d||pos(-56.000,0.000,48.000)|x(0.000,0.000,1.000)|z(-1.000,0.000,0.000)|scale(1.000,1.000,1.000)|parent(-56.000,0.500,48.000)|depth2
3d||pos(-56.000,0.300,46.980)|x(0.000,0.000,1.000)|z(-1.000,0.000,0.000)|scale(1.000,1.000,1.000)|parent(-56.000,0.500,48.000)|depth2|mesh(0.000,0.000,0.000)(0.025,0.025,1.250)
3d||pos(-56.000,0.300,49.020)|x(0.000,0.000,1.000)|z(-1.000,0.000,0.000)|scale(1.000,1.000,1.000)|parent(-56.000,0.500,48.000)|depth2|mesh(0.000,0.000,0.000)(0.025,0.025,1.250)
3d||pos(-56.000,0.500,48.000)|x(0.000,0.000,1.000)|z(-1.000,0.000,0.000)|scale(1.000,1.000,1.000)|parent(-56.000,0.500,48.000)|depth1
3d||pos(-56.000,0.500,48.000)|x(0.000,0.000,1.000)|z(-1.000,0.000,0.000)|scale(1.000,1.000,1.000)|parent(-56.000,0.500,48.000)|depth2|mesh(0.000,0.000,0.000)(1.000,0.300,2.000)
3d||pos(-56.500,0.080,50.000)|x(1.000,0.000,0.000)|z(0.000,0.000,1.000)|scale(1.000,1.000,1.000)|mesh(0.000,0.000,0.000)(0.250,0.010,2.500)
3d||pos(-57.000,0.080,-50.000)|x(1.000,0.000,0.000)|z(0.000,0.000,1.000)|scale(1.000,1.000,1.000)|mesh(0.000,0.000,0.000)(0.250,0.010,2.500)
3d||pos(-57.000,0.080,0.000)|x(1.000,0.000,0.000)|z(0.000,0.000,1.000)|scale(1.000,1.000,1.000)|mesh(0.000,0.000,0.000)(0.250,0.010,2.500)
3d||pos(-57.200,0.200,47.000)|x(0.000,1.000,0.000)|z(-1.000,0.000,0.000)|scale(1.000,1.000,1.000)|parent(-56.000,0.500,48.000)|depth2|mesh(0.000,0.000,0.000)(0.350,0.150,0.350)
3d||pos(-57.200,0.200,49.000)|x(0.000,1.000,0.000)|z(-1.000,0.000,0.000)|scale(1.000,1.000,1.000)|parent(-56.000,0.500,48.000)|depth2|mesh(0.000,0.000,0.000)(0.350,0.150,0.350)
3d||pos(-57.500,0.080,50.000)|x(1.000,0.000,0.000)|z(0.000,0.000,1.000)|scale(1.000,1.000,1.000)|mesh(0.000,0.000,0.000)(0.250,0.010,2.500)
3d||pos(-57.800,0.950,47.400)|x(0.000,0.000,1.000)|z(-1.000,0.000,0.000)|scale(1.000,1.000,1.000)|parent(-56.000,0.500,48.000)|depth2|mesh(0.000,0.000,0.000)(0.050,0.150,0.050)
3d||pos(-57.800,0.950,48.600)|x(0.000,0.000,1.000)|z(-1.000,0.000,0.000)|scale(1.000,1.000,1.000)|parent(-56.000,0.500,48.000)|depth2|mesh(0.000,0.000,0.000)(0.050,0.150,0.050)
3d||pos(-57.800,1.100,48.000)|x(0.000,0.000,1.000)|z(-1.000,0.000,0.000)|scale(1.000,1.000,1.000)|parent(-56.000,0.500,48.000)|depth2|mesh(0.000,0.000,0.000)(0.900,0.025,0.200)
3d||pos(-58.000,0.080,-50.000)|x(1.000,0.000,0.000)|z(0.000,0.000,1.000)|scale(1.000,1.000,1.000)|mesh(0.000,0.000,0.000)(0.250,0.010,2.500)
3d||pos(-58.000,0.080,0.000)|x(1.000,0.000,0.000)|z(0.000,0.000,1.000)|scale(1.000,1.000,1.000)|mesh(0.000,0.000,0.000)(0.250,0.010,2.500)
3d||pos(-58.050,0.600,47.400)|x(0.000,0.000,1.000)|z(-1.000,0.000,0.000)|scale(1.000,1.000,1.000)|parent(-56.000,0.500,48.000)|depth2|mesh(0.000,0.000,0.000)(0.200,0.100,0.050)
3d||pos(-58.050,0.600,48.600)|x(0.000,0.000,1.000)|z(-1.000,0.000,0.000)|scale(1.000,1.000,1.000)|parent(-56.000,0.500,48.000)|depth2|mesh(0.000,0.000,0.000)(0.200,0.100,0.050)
3d||pos(-58.500,0.080,50.000)|x(1.000,0.000,0.000)|z(0.000,0.000,1.000)|scale(1.000,1.000,1.000)|mesh(0.000,0.000,0.000)(0.250,0.010,2.500)
3d||pos(-59.000,0.080,-50.000)|x(1.000,0.000,0.000)|z(0.000,0.000,1.000)|scale(1.000,1.000,1.000)|mesh(0.000,0.000,0.000)(0.250,0.010,2.500)
3d||pos(-59.000,0.080,0.000)|x(1.000,0.000,0.000)|z(0.000,0.000,1.000)|scale(1.000,1.000,1.000)|mesh(0.000,0.000,0.000)(0.250,0.010,2.500)
3d||pos(-59.000,0.300,-15.000)|x(1.000,0.000,0.000)|z(0.000,0.000,1.000)|scale(1.000,1.000,1.000)|mesh(0.000,0.000,0.000)(2.000,0.000,90.000)
3d||pos(-59.500,0.080,50.000)|x(1.000,0.000,0.000)|z(0.000,0.000,1.000)|scale(1.000,1.000,1.000)|mesh(0.000,0.000,0.000)(0.250,0.010,2.500)
3d||pos(-6.000,0.080,50.000)|x(1.000,0.000,0.000)|z(0.000,0.000,1.000)|scale(1.000,1.000,1.000)|mesh(0.000,0.000,0.000)(0.250,0.010,2.500)
3d||pos(-6.500,0.080,-50.000)|x(1.000,0.000,0.000)|z(0.000,0.000,1.000)|scale(1.000,1.000,1.000)|mesh(0.000,0.000,0.000)(0.250,0.010,2.500)
3d||pos(-6.500,0.080,0.000)|x(1.000,0.000,0.000)|z(0.000,0.000,1.000)|scale(1.000,1.000,1.000)|mesh(0.000,0.000,0.000)(0.250,0.010,2.500)
3d||pos(-60.000,0.000,-72.000)|x(1.000,0.000,0.000)|z(0.000,0.000,1.000)|scale(1.000,1.000,1.000)|col:cylinder(2.500,0.150)
3d||pos(-60.000,0.000,40.000)|x(1.000,0.000,0.000)|z(0.000,0.000,1.000)|scale(1.000,1.000,1.000)|col:cylinder(2.500,0.150)
3d||pos(-60.000,0.080,-50.000)|x(1.000,0.000,0.000)|z(0.000,0.000,1.000)|scale(1.000,1.000,1.000)|mesh(0.000,0.000,0.000)(0.250,0.010,2.500)
3d||pos(-60.000,0.080,0.000)|x(1.000,0.000,0.000)|z(0.000,0.000,1.000)|scale(1.000,1.000,1.000)|mesh(0.000,0.000,0.000)(0.250,0.010,2.500)
3d||pos(-60.000,0.150,-72.000)|x(1.000,0.000,0.000)|z(0.000,0.000,1.000)|scale(1.000,1.000,1.000)|parent(-60.000,0.000,-72.000)|depth1|mesh(0.000,0.000,0.000)(0.200,0.150,0.200)
3d||pos(-60.000,0.150,40.000)|x(1.000,0.000,0.000)|z(0.000,0.000,1.000)|scale(1.000,1.000,1.000)|parent(-60.000,0.000,40.000)|depth1|mesh(0.000,0.000,0.000)(0.200,0.150,0.200)
3d||pos(-60.000,2.500,-72.000)|x(1.000,0.000,0.000)|z(0.000,0.000,1.000)|scale(1.000,1.000,1.000)|parent(-60.000,0.000,-72.000)|depth1|mesh(0.000,0.000,0.000)(0.080,2.500,0.080)
3d||pos(-60.000,2.500,40.000)|x(1.000,0.000,0.000)|z(0.000,0.000,1.000)|scale(1.000,1.000,1.000)|parent(-60.000,0.000,40.000)|depth1|mesh(0.000,0.000,0.000)(0.080,2.500,0.080)
3d||pos(-60.000,5.000,-72.000)|x(1.000,0.000,0.000)|z(0.000,0.000,1.000)|scale(1.000,1.000,1.000)|parent(-60.000,0.000,-72.000)|depth1|mesh(0.000,0.000,0.000)(0.298,0.300,0.300)
3d||pos(-60.000,5.000,-72.000)|x(1.000,0.000,0.000)|z(0.000,0.000,1.000)|scale(1.000,1.000,1.000)|parent(-60.000,0.000,-72.000)|depth1|streetlight:true
3d||pos(-60.000,5.000,40.000)|x(1.000,0.000,0.000)|z(0.000,0.000,1.000)|scale(1.000,1.000,1.000)|parent(-60.000,0.000,40.000)|depth1|mesh(0.000,0.000,0.000)(0.298,0.300,0.300)
3d||pos(-60.000,5.000,40.000)|x(1.000,0.000,0.000)|z(0.000,0.000,1.000)|scale(1.000,1.000,1.000)|parent(-60.000,0.000,40.000)|depth1|streetlight:true
3d||pos(-60.500,0.080,50.000)|x(1.000,0.000,0.000)|z(0.000,0.000,1.000)|scale(1.000,1.000,1.000)|mesh(0.000,0.000,0.000)(0.250,0.010,2.500)
3d||pos(-61.000,0.080,-50.000)|x(1.000,0.000,0.000)|z(0.000,0.000,1.000)|scale(1.000,1.000,1.000)|mesh(0.000,0.000,0.000)(0.250,0.010,2.500)
3d||pos(-61.000,0.080,0.000)|x(1.000,0.000,0.000)|z(0.000,0.000,1.000)|scale(1.000,1.000,1.000)|mesh(0.000,0.000,0.000)(0.250,0.010,2.500)
3d||pos(-61.500,0.080,50.000)|x(1.000,0.000,0.000)|z(0.000,0.000,1.000)|scale(1.000,1.000,1.000)|mesh(0.000,0.000,0.000)(0.250,0.010,2.500)
3d||pos(-62.000,0.080,-50.000)|x(1.000,0.000,0.000)|z(0.000,0.000,1.000)|scale(1.000,1.000,1.000)|mesh(0.000,0.000,0.000)(0.250,0.010,2.500)
3d||pos(-62.000,0.080,0.000)|x(1.000,0.000,0.000)|z(0.000,0.000,1.000)|scale(1.000,1.000,1.000)|mesh(0.000,0.000,0.000)(0.250,0.010,2.500)
3d||pos(-62.000,2.000,-73.000)|x(0.000,0.000,1.000)|z(-1.000,0.000,0.000)|scale(1.000,1.000,1.000)|parent(-62.000,0.000,-73.000)|depth1|mesh(0.000,0.000,0.000)(0.100,2.000,0.100)
3d||pos(-62.000,2.000,-87.000)|x(-1.000,0.000,0.000)|z(0.000,0.000,-1.000)|scale(1.000,1.000,1.000)|parent(-62.000,0.000,-87.000)|depth1|mesh(0.000,0.000,0.000)(0.100,2.000,0.100)
3d||pos(-62.000,2.000,41.000)|x(-1.000,0.000,0.000)|z(0.000,0.000,-1.000)|scale(1.000,1.000,1.000)|parent(-62.000,0.000,41.000)|depth1|mesh(0.000,0.000,0.000)(0.100,2.000,0.100)
3d||pos(-62.000,2.000,59.000)|x(0.000,0.000,1.000)|z(-1.000,0.000,0.000)|scale(1.000,1.000,1.000)|parent(-62.000,0.000,59.000)|depth1|mesh(0.000,0.000,0.000)(0.100,2.000,0.100)
3d||pos(-62.000,4.100,-87.160)|x(-1.000,0.000,0.000)|z(0.000,0.000,-1.000)|scale(1.000,1.000,1.000)|parent(-62.000,0.000,-87.000)|depth1|mesh(0.000,0.000,0.000)(0.119,0.120,0.120)
3d||pos(-62.000,4.100,40.840)|x(-1.000,0.000,0.000)|z(0.000,0.000,-1.000)|scale(1.000,1.000,1.000)|parent(-62.000,0.000,41.000)|depth1|mesh(0.000,0.000,0.000)(0.119,0.120,0.120)
3d||pos(-62.000,4.500,-73.000)|x(0.000,0.000,1.000)|z(-1.000,0.000,0.000)|scale(1.000,1.000,1.000)|parent(-62.000,0.000,-73.000)|depth1|mesh(0.000,0.000,0.000)(0.250,0.600,0.150)
3d||pos(-62.000,4.500,-87.000)|x(-1.000,0.000,0.000)|z(0.000,0.000,-1.000)|scale(1.000,1.000,1.000)|parent(-62.000,0.000,-87.000)|depth1|mesh(0.000,0.000,0.000)(0.250,0.600,0.150)
3d||pos(-62.000,4.500,-87.160)|x(-1.000,0.000,0.000)|z(0.000,0.000,-1.000)|scale(1.000,1.000,1.000)|parent(-62.000,0.000,-87.000)|depth1|mesh(0.000,0.000,0.000)(0.119,0.120,0.120)
3d||pos(-62.000,4.500,40.840)|x(-1.000,0.000,0.000)|z(0.000,0.000,-1.000)|scale(1.000,1.000,1.000)|parent(-62.000,0.000,41.000)|depth1|mesh(0.000,0.000,0.000)(0.119,0.120,0.120)
3d||pos(-62.000,4.500,41.000)|x(-1.000,0.000,0.000)|z(0.000,0.000,-1.000)|scale(1.000,1.000,1.000)|parent(-62.000,0.000,41.000)|depth1|mesh(0.000,0.000,0.000)(0.250,0.600,0.150)
3d||pos(-62.000,4.500,59.000)|x(0.000,0.000,1.000)|z(-1.000,0.000,0.000)|scale(1.000,1.000,1.000)|parent(-62.000,0.000,59.000)|depth1|mesh(0.000,0.000,0.000)(0.250,0.600,0.150)
3d||pos(-62.000,4.900,-87.160)|x(-1.000,0.000,0.000)|z(0.000,0.000,-1.000)|scale(1.000,1.000,1.000)|parent(-62.000,0.000,-87.000)|depth1|mesh(0.000,0.000,0.000)(0.119,0.120,0.120)
3d||pos(-62.000,4.900,40.840)|x(-1.000,0.000,0.000)|z(0.000,0.000,-1.000)|scale(1.000,1.000,1.000)|parent(-62.000,0.000,41.000)|depth1|mesh(0.000,0.000,0.000)(0.119,0.120,0.120)
3d||pos(-62.160,4.100,-73.000)|x(0.000,0.000,1.000)|z(-1.000,0.000,0.000)|scale(1.000,1.000,1.000)|parent(-62.000,0.000,-73.000)|depth1|mesh(0.000,0.000,0.000)(0.119,0.120,0.120)
3d||pos(-62.160,4.100,59.000)|x(0.000,0.000,1.000)|z(-1.000,0.000,0.000)|scale(1.000,1.000,1.000)|parent(-62.000,0.000,59.000)|depth1|mesh(0.000,0.000,0.000)(0.119,0.120,0.120)
3d||pos(-62.160,4.500,-73.000)|x(0.000,0.000,1.000)|z(-1.000,0.000,0.000)|scale(1.000,1.000,1.000)|parent(-62.000,0.000,-73.000)|depth1|mesh(0.000,0.000,0.000)(0.119,0.120,0.120)
3d||pos(-62.160,4.500,59.000)|x(0.000,0.000,1.000)|z(-1.000,0.000,0.000)|scale(1.000,1.000,1.000)|parent(-62.000,0.000,59.000)|depth1|mesh(0.000,0.000,0.000)(0.119,0.120,0.120)
3d||pos(-62.160,4.900,-73.000)|x(0.000,0.000,1.000)|z(-1.000,0.000,0.000)|scale(1.000,1.000,1.000)|parent(-62.000,0.000,-73.000)|depth1|mesh(0.000,0.000,0.000)(0.119,0.120,0.120)
3d||pos(-62.160,4.900,59.000)|x(0.000,0.000,1.000)|z(-1.000,0.000,0.000)|scale(1.000,1.000,1.000)|parent(-62.000,0.000,59.000)|depth1|mesh(0.000,0.000,0.000)(0.119,0.120,0.120)
3d||pos(-62.500,0.080,50.000)|x(1.000,0.000,0.000)|z(0.000,0.000,1.000)|scale(1.000,1.000,1.000)|mesh(0.000,0.000,0.000)(0.250,0.010,2.500)
3d||pos(-63.000,0.080,-50.000)|x(1.000,0.000,0.000)|z(0.000,0.000,1.000)|scale(1.000,1.000,1.000)|mesh(0.000,0.000,0.000)(0.250,0.010,2.500)
3d||pos(-63.000,0.080,0.000)|x(1.000,0.000,0.000)|z(0.000,0.000,1.000)|scale(1.000,1.000,1.000)|mesh(0.000,0.000,0.000)(0.250,0.010,2.500)
3d||pos(-63.500,0.080,50.000)|x(1.000,0.000,0.000)|z(0.000,0.000,1.000)|scale(1.000,1.000,1.000)|mesh(0.000,0.000,0.000)(0.250,0.010,2.500)
3d||pos(-64.000,0.080,-50.000)|x(1.000,0.000,0.000)|z(0.000,0.000,1.000)|scale(1.000,1.000,1.000)|mesh(0.000,0.000,0.000)(0.250,0.010,2.500)
3d||pos(-64.000,0.080,0.000)|x(1.000,0.000,0.000)|z(0.000,0.000,1.000)|scale(1.000,1.000,1.000)|mesh(0.000,0.000,0.000)(0.250,0.010,2.500)
3d||pos(-64.500,0.080,50.000)|x(1.000,0.000,0.000)|z(0.000,0.000,1.000)|scale(1.000,1.000,1.000)|mesh(0.000,0.000,0.000)(0.250,0.010,2.500)
3d||pos(-65.000,0.080,-50.000)|x(1.000,0.000,0.000)|z(0.000,0.000,1.000)|scale(1.000,1.000,1.000)|mesh(0.000,0.000,0.000)(0.250,0.010,2.500)
3d||pos(-65.000,0.080,0.000)|x(1.000,0.000,0.000)|z(0.000,0.000,1.000)|scale(1.000,1.000,1.000)|mesh(0.000,0.000,0.000)(0.250,0.010,2.500)
3d||pos(-65.500,0.080,50.000)|x(1.000,0.000,0.000)|z(0.000,0.000,1.000)|scale(1.000,1.000,1.000)|mesh(0.000,0.000,0.000)(0.250,0.010,2.500)
3d||pos(-66.000,0.080,-50.000)|x(1.000,0.000,0.000)|z(0.000,0.000,1.000)|scale(1.000,1.000,1.000)|mesh(0.000,0.000,0.000)(0.250,0.010,2.500)
3d||pos(-66.000,0.080,0.000)|x(1.000,0.000,0.000)|z(0.000,0.000,1.000)|scale(1.000,1.000,1.000)|mesh(0.000,0.000,0.000)(0.250,0.010,2.500)
3d||pos(-66.500,0.080,50.000)|x(1.000,0.000,0.000)|z(0.000,0.000,1.000)|scale(1.000,1.000,1.000)|mesh(0.000,0.000,0.000)(0.250,0.010,2.500)
3d||pos(-67.000,0.080,-50.000)|x(1.000,0.000,0.000)|z(0.000,0.000,1.000)|scale(1.000,1.000,1.000)|mesh(0.000,0.000,0.000)(0.250,0.010,2.500)
3d||pos(-67.000,0.080,0.000)|x(1.000,0.000,0.000)|z(0.000,0.000,1.000)|scale(1.000,1.000,1.000)|mesh(0.000,0.000,0.000)(0.250,0.010,2.500)
3d||pos(-67.500,0.080,50.000)|x(1.000,0.000,0.000)|z(0.000,0.000,1.000)|scale(1.000,1.000,1.000)|mesh(0.000,0.000,0.000)(0.250,0.010,2.500)
3d||pos(-68.000,0.080,-50.000)|x(1.000,0.000,0.000)|z(0.000,0.000,1.000)|scale(1.000,1.000,1.000)|mesh(0.000,0.000,0.000)(0.250,0.010,2.500)
3d||pos(-68.000,0.080,0.000)|x(1.000,0.000,0.000)|z(0.000,0.000,1.000)|scale(1.000,1.000,1.000)|mesh(0.000,0.000,0.000)(0.250,0.010,2.500)
3d||pos(-68.500,0.080,50.000)|x(1.000,0.000,0.000)|z(0.000,0.000,1.000)|scale(1.000,1.000,1.000)|mesh(0.000,0.000,0.000)(0.250,0.010,2.500)
3d||pos(-69.000,0.080,-50.000)|x(1.000,0.000,0.000)|z(0.000,0.000,1.000)|scale(1.000,1.000,1.000)|mesh(0.000,0.000,0.000)(0.250,0.010,2.500)
3d||pos(-69.000,0.080,0.000)|x(1.000,0.000,0.000)|z(0.000,0.000,1.000)|scale(1.000,1.000,1.000)|mesh(0.000,0.000,0.000)(0.250,0.010,2.500)
3d||pos(-69.500,0.080,50.000)|x(1.000,0.000,0.000)|z(0.000,0.000,1.000)|scale(1.000,1.000,1.000)|mesh(0.000,0.000,0.000)(0.250,0.010,2.500)
3d||pos(-7.000,0.080,50.000)|x(1.000,0.000,0.000)|z(0.000,0.000,1.000)|scale(1.000,1.000,1.000)|mesh(0.000,0.000,0.000)(0.250,0.010,2.500)
3d||pos(-7.000,0.200,-13.800)|x(0.000,1.000,0.000)|z(0.000,0.000,1.000)|scale(1.000,1.000,1.000)|parent(-8.000,0.500,-15.000)|depth2|mesh(0.000,0.000,0.000)(0.350,0.150,0.350)
3d||pos(-7.000,0.200,-16.200)|x(0.000,1.000,0.000)|z(0.000,0.000,1.000)|scale(1.000,1.000,1.000)|parent(-8.000,0.500,-15.000)|depth2|mesh(0.000,0.000,0.000)(0.350,0.150,0.350)
3d||pos(-7.400,0.600,-12.950)|x(1.000,0.000,0.000)|z(0.000,0.000,1.000)|scale(1.000,1.000,1.000)|parent(-8.000,0.500,-15.000)|depth2|mesh(0.000,0.000,0.000)(0.200,0.100,0.050)
3d||pos(-7.400,0.600,-17.050)|x(1.000,0.000,0.000)|z(0.000,0.000,1.000)|scale(1.000,1.000,1.000)|parent(-8.000,0.500,-15.000)|depth2|mesh(0.000,0.000,0.000)(0.200,0.100,0.050)
3d||pos(-7.500,0.080,-50.000)|x(1.000,0.000,0.000)|z(0.000,0.000,1.000)|scale(1.000,1.000,1.000)|mesh(0.000,0.000,0.000)(0.250,0.010,2.500)
3d||pos(-7.500,0.080,0.000)|x(1.000,0.000,0.000)|z(0.000,0.000,1.000)|scale(1.000,1.000,1.000)|mesh(0.000,0.000,0.000)(0.250,0.010,2.500)
3d||pos(-70.000,0.080,-50.000)|x(1.000,0.000,0.000)|z(0.000,0.000,1.000)|scale(1.000,1.000,1.000)|mesh(0.000,0.000,0.000)(0.250,0.010,2.500)
3d||pos(-70.000,0.080,0.000)|x(1.000,0.000,0.000)|z(0.000,0.000,1.000)|scale(1.000,1.000,1.000)|mesh(0.000,0.000,0.000)(0.250,0.010,2.500)
3d||pos(-70.000,0.900,-15.000)|x(1.000,0.000,0.000)|z(0.000,0.000,1.000)|scale(1.000,1.000,1.000)|mesh(0.000,0.000,0.000)(0.400,0.900,0.300)|col:cuboid(0.400,0.900,0.300)
3d||pos(-70.000,1.100,-14.720)|x(1.000,0.000,0.000)|z(0.000,0.000,1.000)|scale(1.000,1.000,1.000)|parent(-70.000,0.900,-15.000)|depth1|mesh(0.000,0.000,0.000)(0.300,0.600,0.025)
3d||pos(-70.000,1.650,-14.720)|x(1.000,0.000,0.000)|z(0.000,0.000,1.000)|scale(1.000,1.000,1.000)|parent(-70.000,0.900,-15.000)|depth1|mesh(0.000,0.000,0.000)(0.250,0.100,0.025)
3d||pos(-70.500,0.080,50.000)|x(1.000,0.000,0.000)|z(0.000,0.000,1.000)|scale(1.000,1.000,1.000)|mesh(0.000,0.000,0.000)(0.250,0.010,2.500)
3d||pos(-71.000,0.080,-50.000)|x(1.000,0.000,0.000)|z(0.000,0.000,1.000)|scale(1.000,1.000,1.000)|mesh(0.000,0.000,0.000)(0.250,0.010,2.500)
3d||pos(-71.000,0.080,0.000)|x(1.000,0.000,0.000)|z(0.000,0.000,1.000)|scale(1.000,1.000,1.000)|mesh(0.000,0.000,0.000)(0.250,0.010,2.500)
3d||pos(-71.000,20.000,-7.300)|x(1.000,0.000,0.000)|z(0.000,0.000,1.000)|scale(1.000,1.000,1.000)|parent(-71.000,20.000,-7.500)|depth1|mesh(0.000,0.000,0.000)(3.000,0.750,0.025)
3d||pos(-71.000,20.000,-7.550)|x(1.000,0.000,0.000)|z(0.000,0.000,1.000)|scale(1.000,1.000,1.000)|parent(-71.000,20.000,-7.500)|depth1|mesh(0.000,0.000,0.000)(3.100,0.800,0.150)
3d||pos(-71.000,20.000,-8.500)|x(1.000,0.000,0.000)|z(0.000,0.000,1.000)|scale(1.000,1.000,1.000)|parent(-71.000,20.000,-7.500)|depth1
3d||pos(-71.500,0.080,50.000)|x(1.000,0.000,0.000)|z(0.000,0.000,1.000)|scale(1.000,1.000,1.000)|mesh(0.000,0.000,0.000)(0.250,0.010,2.500)
3d||pos(-72.000,17.000,-57.300)|x(1.000,0.000,0.000)|z(0.000,0.000,1.000)|scale(1.000,1.000,1.000)|parent(-72.000,17.000,-57.500)|depth1|mesh(0.000,0.000,0.000)(1.500,0.400,0.025)
3d||pos(-72.000,17.000,-57.550)|x(1.000,0.000,0.000)|z(0.000,0.000,1.000)|scale(1.000,1.000,1.000)|parent(-72.000,17.000,-57.500)|depth1|mesh(0.000,0.000,0.000)(1.600,0.450,0.150)
3d||pos(-72.000,17.000,-58.500)|x(1.000,0.000,0.000)|z(0.000,0.000,1.000)|scale(1.000,1.000,1.000)|parent(-72.000,17.000,-57.500)|depth1
3d||pos(-75.000,0.900,12.000)|x(-1.000,0.000,0.000)|z(0.000,0.000,-1.000)|scale(1.000,1.000,1.000)|mesh(0.000,0.000,0.000)(0.400,0.900,0.300)|col:cuboid(0.400,0.900,0.300)
3d||pos(-75.000,1.100,11.720)|x(-1.000,0.000,0.000)|z(0.000,0.000,-1.000)|scale(1.000,1.000,1.000)|parent(-75.000,0.900,12.000)|depth1|mesh(0.000,0.000,0.000)(0.300,0.600,0.025)
3d||pos(-75.000,1.650,11.720)|x(-1.000,0.000,0.000)|z(0.000,0.000,-1.000)|scale(1.000,1.000,1.000)|parent(-75.000,0.900,12.000)|depth1|mesh(0.000,0.000,0.000)(0.250,0.100,0.025)
3d||pos(-8.000,0.000,-10.000)|x(1.000,0.000,0.000)|z(0.000,0.000,1.000)|scale(1.000,1.000,1.000)|col:cylinder(2.500,0.150)
3d||pos(-8.000,0.000,-35.000)|x(1.000,0.000,0.000)|z(0.000,0.000,1.000)|scale(1.000,1.000,1.000)|col:cylinder(2.500,0.150)
3d||pos(-8.000,0.000,15.000)|x(1.000,0.000,0.000)|z(0.000,0.000,1.000)|scale(1.000,1.000,1.000)|col:cylinder(2.500,0.150)
3d||pos(-8.000,0.000,40.000)|x(1.000,0.000,0.000)|z(0.000,0.000,1.000)|scale(1.000,1.000,1.000)|col:cylinder(2.500,0.150)
3d||pos(-8.000,0.080,50.000)|x(1.000,0.000,0.000)|z(0.000,0.000,1.000)|scale(1.000,1.000,1.000)|mesh(0.000,0.000,0.000)(0.250,0.010,2.500)
3d||pos(-8.000,0.150,-10.000)|x(1.000,0.000,0.000)|z(0.000,0.000,1.000)|scale(1.000,1.000,1.000)|parent(-8.000,0.000,-10.000)|depth1|mesh(0.000,0.000,0.000)(0.200,0.150,0.200)
3d||pos(-8.000,0.150,-35.000)|x(1.000,0.000,0.000)|z(0.000,0.000,1.000)|scale(1.000,1.000,1.000)|parent(-8.000,0.000,-35.000)|depth1|mesh(0.000,0.000,0.000)(0.200,0.150,0.200)
3d||pos(-8.000,0.150,15.000)|x(1.000,0.000,0.000)|z(0.000,0.000,1.000)|scale(1.000,1.000,1.000)|parent(-8.000,0.000,15.000)|depth1|mesh(0.000,0.000,0.000)(0.200,0.150,0.200)
3d||pos(-8.000,0.150,40.000)|x(1.000,0.000,0.000)|z(0.000,0.000,1.000)|scale(1.000,1.000,1.000)|parent(-8.000,0.000,40.000)|depth1|mesh(0.000,0.000,0.000)(0.200,0.150,0.200)
3d||pos(-8.000,0.400,-10.000)|x(1.000,0.000,0.000)|z(0.000,0.000,1.000)|scale(1.000,1.000,1.000)|mesh(0.000,0.000,0.000)(0.250,0.400,0.250)|col:cylinder(0.400,0.250)
3d||pos(-8.000,0.400,-55.000)|x(1.000,0.000,0.000)|z(0.000,0.000,1.000)|scale(1.000,1.000,1.000)|mesh(0.000,0.000,0.000)(0.250,0.400,0.250)|col:cylinder(0.400,0.250)
3d||pos(-8.000,0.500,-15.000)|x(1.000,0.000,0.000)|z(0.000,0.000,1.000)|scale(1.000,1.000,1.000)|col:cuboid(1.000,0.750,2.000)
3d||pos(-8.000,0.500,-15.000)|x(1.000,0.000,0.000)|z(0.000,0.000,1.000)|scale(1.000,1.000,1.000)|parent(-8.000,0.500,-15.000)|depth1
3d||pos(-8.000,0.500,-15.000)|x(1.000,0.000,0.000)|z(0.000,0.000,1.000)|scale(1.000,1.000,1.000)|parent(-8.000,0.500,-15.000)|depth2|mesh(0.000,0.000,0.000)(1.000,0.300,2.000)
3d||pos(-8.000,0.600,-54.760)|x(1.000,0.000,0.000)|z(0.000,0.000,1.000)|scale(1.000,1.000,1.000)|parent(-8.000,0.400,-55.000)|depth1|mesh(0.000,0.000,0.000)(0.075,0.075,0.010)
3d||pos(-8.000,0.600,-9.760)|x(1.000,0.000,0.000)|z(0.000,0.000,1.000)|scale(1.000,1.000,1.000)|parent(-8.000,0.400,-10.000)|depth1|mesh(0.000,0.000,0.000)(0.075,0.075,0.010)
3d||pos(-8.000,0.800,-10.000)|x(1.000,0.000,0.000)|z(0.000,0.000,1.000)|scale(1.000,1.000,1.000)|parent(-8.000,0.400,-10.000)|depth1|mesh(0.000,0.000,0.000)(0.280,0.025,0.280)
3d||pos(-8.000,0.800,-55.000)|x(1.000,0.000,0.000)|z(0.000,0.000,1.000)|scale(1.000,1.000,1.000)|parent(-8.000,0.400,-55.000)|depth1|mesh(0.000,0.000,0.000)(0.280,0.025,0.280)
3d||pos(-8.000,1.050,-15.200)|x(1.000,0.000,0.000)|z(0.000,0.000,1.000)|scale(1.000,1.000,1.000)|parent(-8.000,0.500,-15.000)|depth2|mesh(0.000,0.000,0.000)(0.900,0.250,1.000)
3d||pos(-8.000,2.500,-10.000)|x(1.000,0.000,0.000)|z(0.000,0.000,1.000)|scale(1.000,1.000,1.000)|parent(-8.000,0.000,-10.000)|depth1|mesh(0.000,0.000,0.000)(0.080,2.500,0.080)
3d||pos(-8.000,2.500,-35.000)|x(1.000,0.000,0.000)|z(0.000,0.000,1.000)|scale(1.000,1.000,1.000)|parent(-8.000,0.000,-35.000)|depth1|mesh(0.000,0.000,0.000)(0.080,2.500,0.080)
3d||pos(-8.000,2.500,15.000)|x(1.000,0.000,0.000)|z(0.000,0.000,1.000)|scale(1.000,1.000,1.000)|parent(-8.000,0.000,15.000)|depth1|mesh(0.000,0.000,0.000)(0.080,2.500,0.080)
3d||pos(-8.000,2.500,40.000)|x(1.000,0.000,0.000)|z(0.000,0.000,1.000)|scale(1.000,1.000,1.000)|parent(-8.000,0.000,40.000)|depth1|mesh(0.000,0.000,0.000)(0.080,2.500,0.080)
3d||pos(-8.000,5.000,-10.000)|x(1.000,0.000,0.000)|z(0.000,0.000,1.000)|scale(1.000,1.000,1.000)|parent(-8.000,0.000,-10.000)|depth1|mesh(0.000,0.000,0.000)(0.298,0.300,0.300)
3d||pos(-8.000,5.000,-10.000)|x(1.000,0.000,0.000)|z(0.000,0.000,1.000)|scale(1.000,1.000,1.000)|parent(-8.000,0.000,-10.000)|depth1|streetlight:true
3d||pos(-8.000,5.000,-35.000)|x(1.000,0.000,0.000)|z(0.000,0.000,1.000)|scale(1.000,1.000,1.000)|parent(-8.000,0.000,-35.000)|depth1|mesh(0.000,0.000,0.000)(0.298,0.300,0.300)
3d||pos(-8.000,5.000,-35.000)|x(1.000,0.000,0.000)|z(0.000,0.000,1.000)|scale(1.000,1.000,1.000)|parent(-8.000,0.000,-35.000)|depth1|streetlight:true
3d||pos(-8.000,5.000,15.000)|x(1.000,0.000,0.000)|z(0.000,0.000,1.000)|scale(1.000,1.000,1.000)|parent(-8.000,0.000,15.000)|depth1|mesh(0.000,0.000,0.000)(0.298,0.300,0.300)
3d||pos(-8.000,5.000,15.000)|x(1.000,0.000,0.000)|z(0.000,0.000,1.000)|scale(1.000,1.000,1.000)|parent(-8.000,0.000,15.000)|depth1|streetlight:true
3d||pos(-8.000,5.000,40.000)|x(1.000,0.000,0.000)|z(0.000,0.000,1.000)|scale(1.000,1.000,1.000)|parent(-8.000,0.000,40.000)|depth1|mesh(0.000,0.000,0.000)(0.298,0.300,0.300)
3d||pos(-8.000,5.000,40.000)|x(1.000,0.000,0.000)|z(0.000,0.000,1.000)|scale(1.000,1.000,1.000)|parent(-8.000,0.000,40.000)|depth1|streetlight:true
3d||pos(-8.500,0.080,-50.000)|x(1.000,0.000,0.000)|z(0.000,0.000,1.000)|scale(1.000,1.000,1.000)|mesh(0.000,0.000,0.000)(0.250,0.010,2.500)
3d||pos(-8.500,0.080,0.000)|x(1.000,0.000,0.000)|z(0.000,0.000,1.000)|scale(1.000,1.000,1.000)|mesh(0.000,0.000,0.000)(0.250,0.010,2.500)
3d||pos(-8.600,0.600,-12.950)|x(1.000,0.000,0.000)|z(0.000,0.000,1.000)|scale(1.000,1.000,1.000)|parent(-8.000,0.500,-15.000)|depth2|mesh(0.000,0.000,0.000)(0.200,0.100,0.050)
3d||pos(-8.600,0.600,-17.050)|x(1.000,0.000,0.000)|z(0.000,0.000,1.000)|scale(1.000,1.000,1.000)|parent(-8.000,0.500,-15.000)|depth2|mesh(0.000,0.000,0.000)(0.200,0.100,0.050)
3d||pos(-88.000,0.000,-5.000)|x(1.000,0.000,0.000)|z(0.000,0.000,1.000)|scale(1.000,1.000,1.000)|col:cylinder(2.500,0.150)
3d||pos(-88.000,0.000,-50.000)|x(1.000,0.000,0.000)|z(0.000,0.000,1.000)|scale(1.000,1.000,1.000)|col:cylinder(2.500,0.150)
3d||pos(-88.000,0.000,35.000)|x(1.000,0.000,0.000)|z(0.000,0.000,1.000)|scale(1.000,1.000,1.000)|col:cylinder(2.500,0.150)
3d||pos(-88.000,0.150,-5.000)|x(1.000,0.000,0.000)|z(0.000,0.000,1.000)|scale(1.000,1.000,1.000)|parent(-88.000,0.000,-5.000)|depth1|mesh(0.000,0.000,0.000)(0.200,0.150,0.200)
3d||pos(-88.000,0.150,-50.000)|x(1.000,0.000,0.000)|z(0.000,0.000,1.000)|scale(1.000,1.000,1.000)|parent(-88.000,0.000,-50.000)|depth1|mesh(0.000,0.000,0.000)(0.200,0.150,0.200)
3d||pos(-88.000,0.150,35.000)|x(1.000,0.000,0.000)|z(0.000,0.000,1.000)|scale(1.000,1.000,1.000)|parent(-88.000,0.000,35.000)|depth1|mesh(0.000,0.000,0.000)(0.200,0.150,0.200)
3d||pos(-88.000,2.500,-5.000)|x(1.000,0.000,0.000)|z(0.000,0.000,1.000)|scale(1.000,1.000,1.000)|parent(-88.000,0.000,-5.000)|depth1|mesh(0.000,0.000,0.000)(0.080,2.500,0.080)
3d||pos(-88.000,2.500,-50.000)|x(1.000,0.000,0.000)|z(0.000,0.000,1.000)|scale(1.000,1.000,1.000)|parent(-88.000,0.000,-50.000)|depth1|mesh(0.000,0.000,0.000)(0.080,2.500,0.080)
3d||pos(-88.000,2.500,35.000)|x(1.000,0.000,0.000)|z(0.000,0.000,1.000)|scale(1.000,1.000,1.000)|parent(-88.000,0.000,35.000)|depth1|mesh(0.000,0.000,0.000)(0.080,2.500,0.080)
3d||pos(-88.000,5.000,-5.000)|x(1.000,0.000,0.000)|z(0.000,0.000,1.000)|scale(1.000,1.000,1.000)|parent(-88.000,0.000,-5.000)|depth1|mesh(0.000,0.000,0.000)(0.298,0.300,0.300)
3d||pos(-88.000,5.000,-5.000)|x(1.000,0.000,0.000)|z(0.000,0.000,1.000)|scale(1.000,1.000,1.000)|parent(-88.000,0.000,-5.000)|depth1|streetlight:true
3d||pos(-88.000,5.000,-50.000)|x(1.000,0.000,0.000)|z(0.000,0.000,1.000)|scale(1.000,1.000,1.000)|parent(-88.000,0.000,-50.000)|depth1|mesh(0.000,0.000,0.000)(0.298,0.300,0.300)
3d||pos(-88.000,5.000,-50.000)|x(1.000,0.000,0.000)|z(0.000,0.000,1.000)|scale(1.000,1.000,1.000)|parent(-88.000,0.000,-50.000)|depth1|streetlight:true
3d||pos(-88.000,5.000,35.000)|x(1.000,0.000,0.000)|z(0.000,0.000,1.000)|scale(1.000,1.000,1.000)|parent(-88.000,0.000,35.000)|depth1|mesh(0.000,0.000,0.000)(0.298,0.300,0.300)
3d||pos(-88.000,5.000,35.000)|x(1.000,0.000,0.000)|z(0.000,0.000,1.000)|scale(1.000,1.000,1.000)|parent(-88.000,0.000,35.000)|depth1|streetlight:true
3d||pos(-9.000,0.080,50.000)|x(1.000,0.000,0.000)|z(0.000,0.000,1.000)|scale(1.000,1.000,1.000)|mesh(0.000,0.000,0.000)(0.250,0.010,2.500)
3d||pos(-9.000,0.200,-13.800)|x(0.000,1.000,0.000)|z(0.000,0.000,1.000)|scale(1.000,1.000,1.000)|parent(-8.000,0.500,-15.000)|depth2|mesh(0.000,0.000,0.000)(0.350,0.150,0.350)
3d||pos(-9.000,0.200,-16.200)|x(0.000,1.000,0.000)|z(0.000,0.000,1.000)|scale(1.000,1.000,1.000)|parent(-8.000,0.500,-15.000)|depth2|mesh(0.000,0.000,0.000)(0.350,0.150,0.350)
3d||pos(-9.500,0.080,-50.000)|x(1.000,0.000,0.000)|z(0.000,0.000,1.000)|scale(1.000,1.000,1.000)|mesh(0.000,0.000,0.000)(0.250,0.010,2.500)
3d||pos(-9.500,0.080,0.000)|x(1.000,0.000,0.000)|z(0.000,0.000,1.000)|scale(1.000,1.000,1.000)|mesh(0.000,0.000,0.000)(0.250,0.010,2.500)
3d||pos(-94.000,0.300,-15.000)|x(1.000,0.000,0.000)|z(0.000,0.000,1.000)|scale(1.000,1.000,1.000)|mesh(0.000,0.000,0.000)(2.000,0.000,90.000)
3d||pos(-96.980,0.300,52.000)|x(1.000,0.000,0.000)|z(0.000,0.000,1.000)|scale(1.000,1.000,1.000)|parent(-98.000,0.500,52.000)|depth2|mesh(0.000,0.000,0.000)(0.025,0.025,1.250)
3d||pos(-97.000,0.200,50.800)|x(0.000,1.000,0.000)|z(0.000,0.000,1.000)|scale(1.000,1.000,1.000)|parent(-98.000,0.500,52.000)|depth2|mesh(0.000,0.000,0.000)(0.350,0.150,0.350)
3d||pos(-97.000,0.200,53.200)|x(0.000,1.000,0.000)|z(0.000,0.000,1.000)|scale(1.000,1.000,1.000)|parent(-98.000,0.500,52.000)|depth2|mesh(0.000,0.000,0.000)(0.350,0.150,0.350)
3d||pos(-97.400,0.600,49.950)|x(1.000,0.000,0.000)|z(0.000,0.000,1.000)|scale(1.000,1.000,1.000)|parent(-98.000,0.500,52.000)|depth2|mesh(0.000,0.000,0.000)(0.200,0.100,0.050)
3d||pos(-97.400,0.600,54.050)|x(1.000,0.000,0.000)|z(0.000,0.000,1.000)|scale(1.000,1.000,1.000)|parent(-98.000,0.500,52.000)|depth2|mesh(0.000,0.000,0.000)(0.200,0.100,0.050)
3d||pos(-97.400,0.950,53.800)|x(1.000,0.000,0.000)|z(0.000,0.000,1.000)|scale(1.000,1.000,1.000)|parent(-98.000,0.500,52.000)|depth2|mesh(0.000,0.000,0.000)(0.050,0.150,0.050)
3d||pos(-97.950,0.600,47.400)|x(0.000,0.000,1.000)|z(-1.000,0.000,0.000)|scale(1.000,1.000,1.000)|parent(-100.000,0.500,48.000)|depth2|mesh(0.000,0.000,0.000)(0.200,0.100,0.050)
3d||pos(-97.950,0.600,48.600)|x(0.000,0.000,1.000)|z(-1.000,0.000,0.000)|scale(1.000,1.000,1.000)|parent(-100.000,0.500,48.000)|depth2|mesh(0.000,0.000,0.000)(0.200,0.100,0.050)
3d||pos(-98.000,0.000,52.000)|x(1.000,0.000,0.000)|z(0.000,0.000,1.000)|scale(1.000,1.000,1.000)|parent(-98.000,0.500,52.000)|depth2
3d||pos(-98.000,0.500,52.000)|x(1.000,0.000,0.000)|z(0.000,0.000,1.000)|scale(1.000,1.000,1.000)|parent(-98.000,0.500,52.000)|depth1
3d||pos(-98.000,0.500,52.000)|x(1.000,0.000,0.000)|z(0.000,0.000,1.000)|scale(1.000,1.000,1.000)|parent(-98.000,0.500,52.000)|depth2|mesh(0.000,0.000,0.000)(1.000,0.300,2.000)
3d||pos(-98.000,1.050,51.800)|x(1.000,0.000,0.000)|z(0.000,0.000,1.000)|scale(1.000,1.000,1.000)|parent(-98.000,0.500,52.000)|depth2|mesh(0.000,0.000,0.000)(0.900,0.250,1.000)
3d||pos(-98.000,1.100,53.800)|x(1.000,0.000,0.000)|z(0.000,0.000,1.000)|scale(1.000,1.000,1.000)|parent(-98.000,0.500,52.000)|depth2|mesh(0.000,0.000,0.000)(0.900,0.025,0.200)
3d||pos(-98.600,0.600,49.950)|x(1.000,0.000,0.000)|z(0.000,0.000,1.000)|scale(1.000,1.000,1.000)|parent(-98.000,0.500,52.000)|depth2|mesh(0.000,0.000,0.000)(0.200,0.100,0.050)
3d||pos(-98.600,0.600,54.050)|x(1.000,0.000,0.000)|z(0.000,0.000,1.000)|scale(1.000,1.000,1.000)|parent(-98.000,0.500,52.000)|depth2|mesh(0.000,0.000,0.000)(0.200,0.100,0.050)
3d||pos(-98.600,0.950,53.800)|x(1.000,0.000,0.000)|z(0.000,0.000,1.000)|scale(1.000,1.000,1.000)|parent(-98.000,0.500,52.000)|depth2|mesh(0.000,0.000,0.000)(0.050,0.150,0.050)
3d||pos(-98.800,0.200,47.000)|x(0.000,1.000,0.000)|z(-1.000,0.000,0.000)|scale(1.000,1.000,1.000)|parent(-100.000,0.500,48.000)|depth2|mesh(0.000,0.000,0.000)(0.350,0.150,0.350)
3d||pos(-98.800,0.200,49.000)|x(0.000,1.000,0.000)|z(-1.000,0.000,0.000)|scale(1.000,1.000,1.000)|parent(-100.000,0.500,48.000)|depth2|mesh(0.000,0.000,0.000)(0.350,0.150,0.350)
3d||pos(-99.000,0.200,50.800)|x(0.000,1.000,0.000)|z(0.000,0.000,1.000)|scale(1.000,1.000,1.000)|parent(-98.000,0.500,52.000)|depth2|mesh(0.000,0.000,0.000)(0.350,0.150,0.350)
3d||pos(-99.000,0.200,53.200)|x(0.000,1.000,0.000)|z(0.000,0.000,1.000)|scale(1.000,1.000,1.000)|parent(-98.000,0.500,52.000)|depth2|mesh(0.000,0.000,0.000)(0.350,0.150,0.350)
3d||pos(-99.020,0.300,52.000)|x(1.000,0.000,0.000)|z(0.000,0.000,1.000)|scale(1.000,1.000,1.000)|parent(-98.000,0.500,52.000)|depth2|mesh(0.000,0.000,0.000)(0.025,0.025,1.250)
3d||pos(-99.800,1.050,48.000)|x(0.000,0.000,1.000)|z(-1.000,0.000,0.000)|scale(1.000,1.000,1.000)|parent(-100.000,0.500,48.000)|depth2|mesh(0.000,0.000,0.000)(0.900,0.250,1.000)
3d||pos(-99.850,0.065,-15.000)|x(1.000,0.000,0.000)|z(0.000,0.000,1.000)|scale(1.000,1.000,1.000)|parent(-100.000,0.050,-15.000)|depth1|mesh(0.000,0.000,0.000)(0.100,0.005,90.000)
3d||pos(0.000,0.080,-10.500)|x(1.000,0.000,0.000)|z(0.000,0.000,1.000)|scale(1.000,1.000,1.000)|mesh(0.000,0.000,0.000)(2.500,0.010,0.250)
3d||pos(0.000,0.080,-11.500)|x(1.000,0.000,0.000)|z(0.000,0.000,1.000)|scale(1.000,1.000,1.000)|mesh(0.000,0.000,0.000)(2.500,0.010,0.250)
3d||pos(0.000,0.080,-12.500)|x(1.000,0.000,0.000)|z(0.000,0.000,1.000)|scale(1.000,1.000,1.000)|mesh(0.000,0.000,0.000)(2.500,0.010,0.250)
3d||pos(0.000,0.080,-13.500)|x(1.000,0.000,0.000)|z(0.000,0.000,1.000)|scale(1.000,1.000,1.000)|mesh(0.000,0.000,0.000)(2.500,0.010,0.250)
3d||pos(0.000,0.080,-14.500)|x(1.000,0.000,0.000)|z(0.000,0.000,1.000)|scale(1.000,1.000,1.000)|mesh(0.000,0.000,0.000)(2.500,0.010,0.250)
3d||pos(0.000,0.080,-15.500)|x(1.000,0.000,0.000)|z(0.000,0.000,1.000)|scale(1.000,1.000,1.000)|mesh(0.000,0.000,0.000)(2.500,0.010,0.250)
3d||pos(0.000,0.080,-16.500)|x(1.000,0.000,0.000)|z(0.000,0.000,1.000)|scale(1.000,1.000,1.000)|mesh(0.000,0.000,0.000)(2.500,0.010,0.250)
3d||pos(0.000,0.080,-17.500)|x(1.000,0.000,0.000)|z(0.000,0.000,1.000)|scale(1.000,1.000,1.000)|mesh(0.000,0.000,0.000)(2.500,0.010,0.250)
3d||pos(0.000,0.080,-3.500)|x(1.000,0.000,0.000)|z(0.000,0.000,1.000)|scale(1.000,1.000,1.000)|mesh(0.000,0.000,0.000)(2.500,0.010,0.250)
3d||pos(0.000,0.080,-33.500)|x(1.000,0.000,0.000)|z(0.000,0.000,1.000)|scale(1.000,1.000,1.000)|mesh(0.000,0.000,0.000)(2.500,0.010,0.250)
3d||pos(0.000,0.080,-34.500)|x(1.000,0.000,0.000)|z(0.000,0.000,1.000)|scale(1.000,1.000,1.000)|mesh(0.000,0.000,0.000)(2.500,0.010,0.250)
3d||pos(0.000,0.080,-35.500)|x(1.000,0.000,0.000)|z(0.000,0.000,1.000)|scale(1.000,1.000,1.000)|mesh(0.000,0.000,0.000)(2.500,0.010,0.250)
3d||pos(0.000,0.080,-36.500)|x(1.000,0.000,0.000)|z(0.000,0.000,1.000)|scale(1.000,1.000,1.000)|mesh(0.000,0.000,0.000)(2.500,0.010,0.250)
3d||pos(0.000,0.080,-37.500)|x(1.000,0.000,0.000)|z(0.000,0.000,1.000)|scale(1.000,1.000,1.000)|mesh(0.000,0.000,0.000)(2.500,0.010,0.250)
3d||pos(0.000,0.080,-38.500)|x(1.000,0.000,0.000)|z(0.000,0.000,1.000)|scale(1.000,1.000,1.000)|mesh(0.000,0.000,0.000)(2.500,0.010,0.250)
3d||pos(0.000,0.080,-39.500)|x(1.000,0.000,0.000)|z(0.000,0.000,1.000)|scale(1.000,1.000,1.000)|mesh(0.000,0.000,0.000)(2.500,0.010,0.250)
3d||pos(0.000,0.080,-4.500)|x(1.000,0.000,0.000)|z(0.000,0.000,1.000)|scale(1.000,1.000,1.000)|mesh(0.000,0.000,0.000)(2.500,0.010,0.250)
3d||pos(0.000,0.080,-40.500)|x(1.000,0.000,0.000)|z(0.000,0.000,1.000)|scale(1.000,1.000,1.000)|mesh(0.000,0.000,0.000)(2.500,0.010,0.250)
3d||pos(0.000,0.080,-41.500)|x(1.000,0.000,0.000)|z(0.000,0.000,1.000)|scale(1.000,1.000,1.000)|mesh(0.000,0.000,0.000)(2.500,0.010,0.250)
3d||pos(0.000,0.080,-42.500)|x(1.000,0.000,0.000)|z(0.000,0.000,1.000)|scale(1.000,1.000,1.000)|mesh(0.000,0.000,0.000)(2.500,0.010,0.250)
3d||pos(0.000,0.080,-43.500)|x(1.000,0.000,0.000)|z(0.000,0.000,1.000)|scale(1.000,1.000,1.000)|mesh(0.000,0.000,0.000)(2.500,0.010,0.250)
3d||pos(0.000,0.080,-44.500)|x(1.000,0.000,0.000)|z(0.000,0.000,1.000)|scale(1.000,1.000,1.000)|mesh(0.000,0.000,0.000)(2.500,0.010,0.250)
3d||pos(0.000,0.080,-45.500)|x(1.000,0.000,0.000)|z(0.000,0.000,1.000)|scale(1.000,1.000,1.000)|mesh(0.000,0.000,0.000)(2.500,0.010,0.250)
3d||pos(0.000,0.080,-46.500)|x(1.000,0.000,0.000)|z(0.000,0.000,1.000)|scale(1.000,1.000,1.000)|mesh(0.000,0.000,0.000)(2.500,0.010,0.250)
3d||pos(0.000,0.080,-47.500)|x(1.000,0.000,0.000)|z(0.000,0.000,1.000)|scale(1.000,1.000,1.000)|mesh(0.000,0.000,0.000)(2.500,0.010,0.250)
3d||pos(0.000,0.080,-5.500)|x(1.000,0.000,0.000)|z(0.000,0.000,1.000)|scale(1.000,1.000,1.000)|mesh(0.000,0.000,0.000)(2.500,0.010,0.250)
3d||pos(0.000,0.080,-53.500)|x(1.000,0.000,0.000)|z(0.000,0.000,1.000)|scale(1.000,1.000,1.000)|mesh(0.000,0.000,0.000)(2.500,0.010,0.250)
3d||pos(0.000,0.080,-54.500)|x(1.000,0.000,0.000)|z(0.000,0.000,1.000)|scale(1.000,1.000,1.000)|mesh(0.000,0.000,0.000)(2.500,0.010,0.250)
3d||pos(0.000,0.080,-55.500)|x(1.000,0.000,0.000)|z(0.000,0.000,1.000)|scale(1.000,1.000,1.000)|mesh(0.000,0.000,0.000)(2.500,0.010,0.250)
3d||pos(0.000,0.080,-56.500)|x(1.000,0.000,0.000)|z(0.000,0.000,1.000)|scale(1.000,1.000,1.000)|mesh(0.000,0.000,0.000)(2.500,0.010,0.250)
3d||pos(0.000,0.080,-57.500)|x(1.000,0.000,0.000)|z(0.000,0.000,1.000)|scale(1.000,1.000,1.000)|mesh(0.000,0.000,0.000)(2.500,0.010,0.250)
3d||pos(0.000,0.080,-58.500)|x(1.000,0.000,0.000)|z(0.000,0.000,1.000)|scale(1.000,1.000,1.000)|mesh(0.000,0.000,0.000)(2.500,0.010,0.250)
3d||pos(0.000,0.080,-59.500)|x(1.000,0.000,0.000)|z(0.000,0.000,1.000)|scale(1.000,1.000,1.000)|mesh(0.000,0.000,0.000)(2.500,0.010,0.250)
3d||pos(0.000,0.080,-6.500)|x(1.000,0.000,0.000)|z(0.000,0.000,1.000)|scale(1.000,1.000,1.000)|mesh(0.000,0.000,0.000)(2.500,0.010,0.250)
3d||pos(0.000,0.080,-60.500)|x(1.000,0.000,0.000)|z(0.000,0.000,1.000)|scale(1.000,1.000,1.000)|mesh(0.000,0.000,0.000)(2.500,0.010,0.250)
3d||pos(0.000,0.080,-61.500)|x(1.000,0.000,0.000)|z(0.000,0.000,1.000)|scale(1.000,1.000,1.000)|mesh(0.000,0.000,0.000)(2.500,0.010,0.250)
3d||pos(0.000,0.080,-62.500)|x(1.000,0.000,0.000)|z(0.000,0.000,1.000)|scale(1.000,1.000,1.000)|mesh(0.000,0.000,0.000)(2.500,0.010,0.250)
3d||pos(0.000,0.080,-63.500)|x(1.000,0.000,0.000)|z(0.000,0.000,1.000)|scale(1.000,1.000,1.000)|mesh(0.000,0.000,0.000)(2.500,0.010,0.250)
3d||pos(0.000,0.080,-64.500)|x(1.000,0.000,0.000)|z(0.000,0.000,1.000)|scale(1.000,1.000,1.000)|mesh(0.000,0.000,0.000)(2.500,0.010,0.250)
3d||pos(0.000,0.080,-65.500)|x(1.000,0.000,0.000)|z(0.000,0.000,1.000)|scale(1.000,1.000,1.000)|mesh(0.000,0.000,0.000)(2.500,0.010,0.250)
3d||pos(0.000,0.080,-66.500)|x(1.000,0.000,0.000)|z(0.000,0.000,1.000)|scale(1.000,1.000,1.000)|mesh(0.000,0.000,0.000)(2.500,0.010,0.250)
3d||pos(0.000,0.080,-67.500)|x(1.000,0.000,0.000)|z(0.000,0.000,1.000)|scale(1.000,1.000,1.000)|mesh(0.000,0.000,0.000)(2.500,0.010,0.250)
3d||pos(0.000,0.080,-7.500)|x(1.000,0.000,0.000)|z(0.000,0.000,1.000)|scale(1.000,1.000,1.000)|mesh(0.000,0.000,0.000)(2.500,0.010,0.250)
3d||pos(0.000,0.080,-8.500)|x(1.000,0.000,0.000)|z(0.000,0.000,1.000)|scale(1.000,1.000,1.000)|mesh(0.000,0.000,0.000)(2.500,0.010,0.250)
3d||pos(0.000,0.080,-9.500)|x(1.000,0.000,0.000)|z(0.000,0.000,1.000)|scale(1.000,1.000,1.000)|mesh(0.000,0.000,0.000)(2.500,0.010,0.250)
3d||pos(0.000,0.080,10.500)|x(1.000,0.000,0.000)|z(0.000,0.000,1.000)|scale(1.000,1.000,1.000)|mesh(0.000,0.000,0.000)(2.500,0.010,0.250)
3d||pos(0.000,0.080,11.500)|x(1.000,0.000,0.000)|z(0.000,0.000,1.000)|scale(1.000,1.000,1.000)|mesh(0.000,0.000,0.000)(2.500,0.010,0.250)
3d||pos(0.000,0.080,12.500)|x(1.000,0.000,0.000)|z(0.000,0.000,1.000)|scale(1.000,1.000,1.000)|mesh(0.000,0.000,0.000)(2.500,0.010,0.250)
3d||pos(0.000,0.080,13.500)|x(1.000,0.000,0.000)|z(0.000,0.000,1.000)|scale(1.000,1.000,1.000)|mesh(0.000,0.000,0.000)(2.500,0.010,0.250)
3d||pos(0.000,0.080,14.500)|x(1.000,0.000,0.000)|z(0.000,0.000,1.000)|scale(1.000,1.000,1.000)|mesh(0.000,0.000,0.000)(2.500,0.010,0.250)
3d||pos(0.000,0.080,15.500)|x(1.000,0.000,0.000)|z(0.000,0.000,1.000)|scale(1.000,1.000,1.000)|mesh(0.000,0.000,0.000)(2.500,0.010,0.250)
3d||pos(0.000,0.080,16.500)|x(1.000,0.000,0.000)|z(0.000,0.000,1.000)|scale(1.000,1.000,1.000)|mesh(0.000,0.000,0.000)(2.500,0.010,0.250)
3d||pos(0.000,0.080,2.500)|x(1.000,0.000,0.000)|z(0.000,0.000,1.000)|scale(1.000,1.000,1.000)|mesh(0.000,0.000,0.000)(2.500,0.010,0.250)
3d||pos(0.000,0.080,3.500)|x(1.000,0.000,0.000)|z(0.000,0.000,1.000)|scale(1.000,1.000,1.000)|mesh(0.000,0.000,0.000)(2.500,0.010,0.250)
3d||pos(0.000,0.080,32.000)|x(1.000,0.000,0.000)|z(0.000,0.000,1.000)|scale(1.000,1.000,1.000)|mesh(0.000,0.000,0.000)(2.500,0.010,0.250)
3d||pos(0.000,0.080,33.000)|x(1.000,0.000,0.000)|z(0.000,0.000,1.000)|scale(1.000,1.000,1.000)|mesh(0.000,0.000,0.000)(2.500,0.010,0.250)
3d||pos(0.000,0.080,34.000)|x(1.000,0.000,0.000)|z(0.000,0.000,1.000)|scale(1.000,1.000,1.000)|mesh(0.000,0.000,0.000)(2.500,0.010,0.250)
3d||pos(0.000,0.080,35.000)|x(1.000,0.000,0.000)|z(0.000,0.000,1.000)|scale(1.000,1.000,1.000)|mesh(0.000,0.000,0.000)(2.500,0.010,0.250)
3d||pos(0.000,0.080,36.000)|x(1.000,0.000,0.000)|z(0.000,0.000,1.000)|scale(1.000,1.000,1.000)|mesh(0.000,0.000,0.000)(2.500,0.010,0.250)
3d||pos(0.000,0.080,37.000)|x(1.000,0.000,0.000)|z(0.000,0.000,1.000)|scale(1.000,1.000,1.000)|mesh(0.000,0.000,0.000)(2.500,0.010,0.250)
3d||pos(0.000,0.080,38.000)|x(1.000,0.000,0.000)|z(0.000,0.000,1.000)|scale(1.000,1.000,1.000)|mesh(0.000,0.000,0.000)(2.500,0.010,0.250)
3d||pos(0.000,0.080,39.000)|x(1.000,0.000,0.000)|z(0.000,0.000,1.000)|scale(1.000,1.000,1.000)|mesh(0.000,0.000,0.000)(2.500,0.010,0.250)
3d||pos(0.000,0.080,4.500)|x(1.000,0.000,0.000)|z(0.000,0.000,1.000)|scale(1.000,1.000,1.000)|mesh(0.000,0.000,0.000)(2.500,0.010,0.250)
3d||pos(0.000,0.080,40.000)|x(1.000,0.000,0.000)|z(0.000,0.000,1.000)|scale(1.000,1.000,1.000)|mesh(0.000,0.000,0.000)(2.500,0.010,0.250)
3d||pos(0.000,0.080,41.000)|x(1.000,0.000,0.000)|z(0.000,0.000,1.000)|scale(1.000,1.000,1.000)|mesh(0.000,0.000,0.000)(2.500,0.010,0.250)
3d||pos(0.000,0.080,42.000)|x(1.000,0.000,0.000)|z(0.000,0.000,1.000)|scale(1.000,1.000,1.000)|mesh(0.000,0.000,0.000)(2.500,0.010,0.250)
3d||pos(0.000,0.080,43.000)|x(1.000,0.000,0.000)|z(0.000,0.000,1.000)|scale(1.000,1.000,1.000)|mesh(0.000,0.000,0.000)(2.500,0.010,0.250)
3d||pos(0.000,0.080,44.000)|x(1.000,0.000,0.000)|z(0.000,0.000,1.000)|scale(1.000,1.000,1.000)|mesh(0.000,0.000,0.000)(2.500,0.010,0.250)
3d||pos(0.000,0.080,45.000)|x(1.000,0.000,0.000)|z(0.000,0.000,1.000)|scale(1.000,1.000,1.000)|mesh(0.000,0.000,0.000)(2.500,0.010,0.250)
3d||pos(0.000,0.080,46.000)|x(1.000,0.000,0.000)|z(0.000,0.000,1.000)|scale(1.000,1.000,1.000)|mesh(0.000,0.000,0.000)(2.500,0.010,0.250)
3d||pos(0.000,0.080,5.500)|x(1.000,0.000,0.000)|z(0.000,0.000,1.000)|scale(1.000,1.000,1.000)|mesh(0.000,0.000,0.000)(2.500,0.010,0.250)
3d||pos(0.000,0.080,53.000)|x(1.000,0.000,0.000)|z(0.000,0.000,1.000)|scale(1.000,1.000,1.000)|mesh(0.000,0.000,0.000)(2.500,0.010,0.250)
3d||pos(0.000,0.080,54.000)|x(1.000,0.000,0.000)|z(0.000,0.000,1.000)|scale(1.000,1.000,1.000)|mesh(0.000,0.000,0.000)(2.500,0.010,0.250)
3d||pos(0.000,0.080,55.000)|x(1.000,0.000,0.000)|z(0.000,0.000,1.000)|scale(1.000,1.000,1.000)|mesh(0.000,0.000,0.000)(2.500,0.010,0.250)
3d||pos(0.000,0.080,56.000)|x(1.000,0.000,0.000)|z(0.000,0.000,1.000)|scale(1.000,1.000,1.000)|mesh(0.000,0.000,0.000)(2.500,0.010,0.250)
3d||pos(0.000,0.080,57.000)|x(1.000,0.000,0.000)|z(0.000,0.000,1.000)|scale(1.000,1.000,1.000)|mesh(0.000,0.000,0.000)(2.500,0.010,0.250)
3d||pos(0.000,0.080,58.000)|x(1.000,0.000,0.000)|z(0.000,0.000,1.000)|scale(1.000,1.000,1.000)|mesh(0.000,0.000,0.000)(2.500,0.010,0.250)
3d||pos(0.000,0.080,59.000)|x(1.000,0.000,0.000)|z(0.000,0.000,1.000)|scale(1.000,1.000,1.000)|mesh(0.000,0.000,0.000)(2.500,0.010,0.250)
3d||pos(0.000,0.080,6.500)|x(1.000,0.000,0.000)|z(0.000,0.000,1.000)|scale(1.000,1.000,1.000)|mesh(0.000,0.000,0.000)(2.500,0.010,0.250)
3d||pos(0.000,0.080,60.000)|x(1.000,0.000,0.000)|z(0.000,0.000,1.000)|scale(1.000,1.000,1.000)|mesh(0.000,0.000,0.000)(2.500,0.010,0.250)
3d||pos(0.000,0.080,61.000)|x(1.000,0.000,0.000)|z(0.000,0.000,1.000)|scale(1.000,1.000,1.000)|mesh(0.000,0.000,0.000)(2.500,0.010,0.250)
3d||pos(0.000,0.080,62.000)|x(1.000,0.000,0.000)|z(0.000,0.000,1.000)|scale(1.000,1.000,1.000)|mesh(0.000,0.000,0.000)(2.500,0.010,0.250)
3d||pos(0.000,0.080,63.000)|x(1.000,0.000,0.000)|z(0.000,0.000,1.000)|scale(1.000,1.000,1.000)|mesh(0.000,0.000,0.000)(2.500,0.010,0.250)
3d||pos(0.000,0.080,64.000)|x(1.000,0.000,0.000)|z(0.000,0.000,1.000)|scale(1.000,1.000,1.000)|mesh(0.000,0.000,0.000)(2.500,0.010,0.250)
3d||pos(0.000,0.080,65.000)|x(1.000,0.000,0.000)|z(0.000,0.000,1.000)|scale(1.000,1.000,1.000)|mesh(0.000,0.000,0.000)(2.500,0.010,0.250)
3d||pos(0.000,0.080,66.000)|x(1.000,0.000,0.000)|z(0.000,0.000,1.000)|scale(1.000,1.000,1.000)|mesh(0.000,0.000,0.000)(2.500,0.010,0.250)
3d||pos(0.000,0.080,67.000)|x(1.000,0.000,0.000)|z(0.000,0.000,1.000)|scale(1.000,1.000,1.000)|mesh(0.000,0.000,0.000)(2.500,0.010,0.250)
3d||pos(0.000,0.080,7.500)|x(1.000,0.000,0.000)|z(0.000,0.000,1.000)|scale(1.000,1.000,1.000)|mesh(0.000,0.000,0.000)(2.500,0.010,0.250)
3d||pos(0.000,0.080,8.500)|x(1.000,0.000,0.000)|z(0.000,0.000,1.000)|scale(1.000,1.000,1.000)|mesh(0.000,0.000,0.000)(2.500,0.010,0.250)
3d||pos(0.000,0.080,9.500)|x(1.000,0.000,0.000)|z(0.000,0.000,1.000)|scale(1.000,1.000,1.000)|mesh(0.000,0.000,0.000)(2.500,0.010,0.250)
3d||pos(0.000,0.200,0.000)|x(1.000,0.000,0.000)|z(0.000,0.000,1.000)|scale(1.000,1.000,1.000)|mesh(0.000,0.000,0.000)(7.500,0.000,42.500)
3d||pos(10.000,0.080,50.000)|x(1.000,0.000,0.000)|z(0.000,0.000,1.000)|scale(1.000,1.000,1.000)|mesh(0.000,0.000,0.000)(0.250,0.010,2.500)
3d||pos(10.500,0.080,-50.000)|x(1.000,0.000,0.000)|z(0.000,0.000,1.000)|scale(1.000,1.000,1.000)|mesh(0.000,0.000,0.000)(0.250,0.010,2.500)
3d||pos(10.500,0.080,0.000)|x(1.000,0.000,0.000)|z(0.000,0.000,1.000)|scale(1.000,1.000,1.000)|mesh(0.000,0.000,0.000)(0.250,0.010,2.500)
3d||pos(100.000,15.000,33.000)|x(1.000,0.000,0.000)|z(0.000,0.000,1.000)|scale(1.000,1.000,1.000)|parent(100.000,15.000,34.000)|depth1
3d||pos(100.000,15.000,33.950)|x(1.000,0.000,0.000)|z(0.000,0.000,1.000)|scale(1.000,1.000,1.000)|parent(100.000,15.000,34.000)|depth1|mesh(0.000,0.000,0.000)(2.600,0.650,0.150)
3d||pos(100.000,15.000,34.200)|x(1.000,0.000,0.000)|z(0.000,0.000,1.000)|scale(1.000,1.000,1.000)|parent(100.000,15.000,34.000)|depth1|mesh(0.000,0.000,0.000)(2.500,0.600,0.025)
3d||pos(101.000,2.000,-73.000)|x(1.000,0.000,0.000)|z(0.000,0.000,1.000)|scale(1.000,1.000,1.000)|parent(101.000,0.000,-73.000)|depth1|mesh(0.000,0.000,0.000)(0.100,2.000,0.100)
3d||pos(101.000,2.000,-87.000)|x(0.000,0.000,-1.000)|z(1.000,0.000,0.000)|scale(1.000,1.000,1.000)|parent(101.000,0.000,-87.000)|depth1|mesh(0.000,0.000,0.000)(0.100,2.000,0.100)
3d||pos(101.000,2.000,41.000)|x(0.000,0.000,-1.000)|z(1.000,0.000,0.000)|scale(1.000,1.000,1.000)|parent(101.000,0.000,41.000)|depth1|mesh(0.000,0.000,0.000)(0.100,2.000,0.100)
3d||pos(101.000,2.000,59.000)|x(1.000,0.000,0.000)|z(0.000,0.000,1.000)|scale(1.000,1.000,1.000)|parent(101.000,0.000,59.000)|depth1|mesh(0.000,0.000,0.000)(0.100,2.000,0.100)
3d||pos(101.000,4.100,-72.840)|x(1.000,0.000,0.000)|z(0.000,0.000,1.000)|scale(1.000,1.000,1.000)|parent(101.000,0.000,-73.000)|depth1|mesh(0.000,0.000,0.000)(0.119,0.120,0.120)
3d||pos(101.000,4.100,59.160)|x(1.000,0.000,0.000)|z(0.000,0.000,1.000)|scale(1.000,1.000,1.000)|parent(101.000,0.000,59.000)|depth1|mesh(0.000,0.000,0.000)(0.119,0.120,0.120)
3d||pos(101.000,4.500,-72.840)|x(1.000,0.000,0.000)|z(0.000,0.000,1.000)|scale(1.000,1.000,1.000)|parent(101.000,0.000,-73.000)|depth1|mesh(0.000,0.000,0.000)(0.119,0.120,0.120)
3d||pos(101.000,4.500,-73.000)|x(1.000,0.000,0.000)|z(0.000,0.000,1.000)|scale(1.000,1.000,1.000)|parent(101.000,0.000,-73.000)|depth1|mesh(0.000,0.000,0.000)(0.250,0.600,0.150)
3d||pos(101.000,4.500,-87.000)|x(0.000,0.000,-1.000)|z(1.000,0.000,0.000)|scale(1.000,1.000,1.000)|parent(101.000,0.000,-87.000)|depth1|mesh(0.000,0.000,0.000)(0.250,0.600,0.150)
3d||pos(101.000,4.500,41.000)|x(0.000,0.000,-1.000)|z(1.000,0.000,0.000)|scale(1.000,1.000,1.000)|parent(101.000,0.000,41.000)|depth1|mesh(0.000,0.000,0.000)(0.250,0.600,0.150)
3d||pos(101.000,4.500,59.000)|x(1.000,0.000,0.000)|z(0.000,0.000,1.000)|scale(1.000,1.000,1.000)|parent(101.000,0.000,59.000)|depth1|mesh(0.000,0.000,0.000)(0.250,0.600,0.150)
3d||pos(101.000,4.500,59.160)|x(1.000,0.000,0.000)|z(0.000,0.000,1.000)|scale(1.000,1.000,1.000)|parent(101.000,0.000,59.000)|depth1|mesh(0.000,0.000,0.000)(0.119,0.120,0.120)
3d||pos(101.000,4.900,-72.840)|x(1.000,0.000,0.000)|z(0.000,0.000,1.000)|scale(1.000,1.000,1.000)|parent(101.000,0.000,-73.000)|depth1|mesh(0.000,0.000,0.000)(0.119,0.120,0.120)
3d||pos(101.000,4.900,59.160)|x(1.000,0.000,0.000)|z(0.000,0.000,1.000)|scale(1.000,1.000,1.000)|parent(101.000,0.000,59.000)|depth1|mesh(0.000,0.000,0.000)(0.119,0.120,0.120)
3d||pos(101.160,4.100,-87.000)|x(0.000,0.000,-1.000)|z(1.000,0.000,0.000)|scale(1.000,1.000,1.000)|parent(101.000,0.000,-87.000)|depth1|mesh(0.000,0.000,0.000)(0.119,0.120,0.120)
3d||pos(101.160,4.100,41.000)|x(0.000,0.000,-1.000)|z(1.000,0.000,0.000)|scale(1.000,1.000,1.000)|parent(101.000,0.000,41.000)|depth1|mesh(0.000,0.000,0.000)(0.119,0.120,0.120)
3d||pos(101.160,4.500,-87.000)|x(0.000,0.000,-1.000)|z(1.000,0.000,0.000)|scale(1.000,1.000,1.000)|parent(101.000,0.000,-87.000)|depth1|mesh(0.000,0.000,0.000)(0.119,0.120,0.120)
3d||pos(101.160,4.500,41.000)|x(0.000,0.000,-1.000)|z(1.000,0.000,0.000)|scale(1.000,1.000,1.000)|parent(101.000,0.000,41.000)|depth1|mesh(0.000,0.000,0.000)(0.119,0.120,0.120)
3d||pos(101.160,4.900,-87.000)|x(0.000,0.000,-1.000)|z(1.000,0.000,0.000)|scale(1.000,1.000,1.000)|parent(101.000,0.000,-87.000)|depth1|mesh(0.000,0.000,0.000)(0.119,0.120,0.120)
3d||pos(101.160,4.900,41.000)|x(0.000,0.000,-1.000)|z(1.000,0.000,0.000)|scale(1.000,1.000,1.000)|parent(101.000,0.000,41.000)|depth1|mesh(0.000,0.000,0.000)(0.119,0.120,0.120)
3d||pos(11.000,0.080,50.000)|x(1.000,0.000,0.000)|z(0.000,0.000,1.000)|scale(1.000,1.000,1.000)|mesh(0.000,0.000,0.000)(0.250,0.010,2.500)
3d||pos(11.100,0.250,-8.000)|x(0.000,1.000,0.000)|z(1.000,0.000,0.000)|scale(1.000,1.000,1.000)|parent(12.000,0.400,-8.000)|depth2|mesh(0.000,0.000,0.000)(0.250,0.060,0.250)
3d||pos(11.100,0.450,-8.000)|x(0.000,0.000,-1.000)|z(0.980,-0.199,0.000)|scale(1.000,1.000,1.000)|parent(12.000,0.400,-8.000)|depth2|mesh(0.000,0.000,0.000)(0.060,0.010,0.150)
3d||pos(11.150,0.650,-8.000)|x(0.000,0.000,-1.000)|z(1.000,0.000,0.000)|scale(1.000,1.000,1.000)|parent(12.000,0.400,-8.000)|depth2|mesh(0.000,0.000,0.000)(0.075,0.050,0.025)
3d||pos(11.300,1.040,-8.000)|x(0.000,1.000,0.000)|z(1.000,0.000,0.000)|scale(1.000,1.000,1.000)|parent(12.000,0.400,-8.000)|depth2|mesh(0.000,0.000,0.000)(0.020,0.400,0.020)
3d||pos(11.350,1.080,-7.550)|x(0.000,0.000,-1.000)|z(1.000,0.000,0.000)|scale(1.000,1.000,1.000)|parent(12.000,0.400,-8.000)|depth2|mesh(0.000,0.000,0.000)(0.040,0.025,0.010)
3d||pos(11.350,1.080,-8.450)|x(0.000,0.000,-1.000)|z(1.000,0.000,0.000)|scale(1.000,1.000,1.000)|parent(12.000,0.400,-8.000)|depth2|mesh(0.000,0.000,0.000)(0.040,0.025,0.010)
3d||pos(11.400,0.550,-8.000)|x(0.000,0.000,-1.000)|z(0.955,0.296,0.000)|scale(1.000,1.000,1.000)|parent(12.000,0.400,-8.000)|depth2|mesh(0.000,0.000,0.000)(0.200,0.200,0.200)
3d||pos(11.500,0.080,-50.000)|x(1.000,0.000,0.000)|z(0.000,0.000,1.000)|scale(1.000,1.000,1.000)|mesh(0.000,0.000,0.000)(0.250,0.010,2.500)
3d||pos(11.500,0.080,0.000)|x(1.000,0.000,0.000)|z(0.000,0.000,1.000)|scale(1.000,1.000,1.000)|mesh(0.000,0.000,0.000)(0.250,0.010,2.500)
3d||pos(110.000,10.000,-15.000)|x(1.000,0.000,0.000)|z(0.000,0.000,1.000)|scale(1.000,1.000,1.000)|col:cuboid(0.500,20.000,100.000)
3d||pos(12.000,0.080,50.000)|x(1.000,0.000,0.000)|z(0.000,0.000,1.000)|scale(1.000,1.000,1.000)|mesh(0.000,0.000,0.000)(0.250,0.010,2.500)
3d||pos(12.000,0.300,-8.000)|x(0.000,0.000,-1.000)|z(1.000,0.000,0.000)|scale(1.000,1.000,1.000)|parent(12.000,0.400,-8.000)|depth2|mesh(0.000,0.000,0.000)(0.250,0.040,0.400)
3d||pos(12.000,0.400,-8.000)|x(0.000,0.000,-1.000)|z(1.000,0.000,0.000)|scale(1.000,1.000,1.000)|col:cuboid(0.250,0.500,0.800)
3d||pos(12.000,0.400,-8.000)|x(0.000,0.000,-1.000)|z(1.000,0.000,0.000)|scale(1.000,1.000,1.000)|parent(12.000,0.400,-8.000)|depth1
3d||pos(12.000,0.900,-15.000)|x(1.000,0.000,0.000)|z(0.000,0.000,1.000)|scale(1.000,1.000,1.000)|mesh(0.000,0.000,0.000)(0.400,0.900,0.300)|col:cuboid(0.400,0.900,0.300)
3d||pos(12.000,1.100,-14.720)|x(1.000,0.000,0.000)|z(0.000,0.000,1.000)|scale(1.000,1.000,1.000)|parent(12.000,0.900,-15.000)|depth1|mesh(0.000,0.000,0.000)(0.300,0.600,0.025)
3d||pos(12.000,1.650,-14.720)|x(1.000,0.000,0.000)|z(0.000,0.000,1.000)|scale(1.000,1.000,1.000)|parent(12.000,0.900,-15.000)|depth1|mesh(0.000,0.000,0.000)(0.250,0.100,0.025)
3d||pos(12.160,0.760,-8.000)|x(0.000,0.000,-1.000)|z(1.000,0.000,0.000)|scale(1.000,1.000,1.000)|parent(12.000,0.400,-8.000)|depth2|mesh(0.000,0.000,0.000)(0.175,0.060,0.360)
3d||pos(12.500,0.080,-50.000)|x(1.000,0.000,0.000)|z(0.000,0.000,1.000)|scale(1.000,1.000,1.000)|mesh(0.000,0.000,0.000)(0.250,0.010,2.500)
3d||pos(12.500,0.080,0.000)|x(1.000,0.000,0.000)|z(0.000,0.000,1.000)|scale(1.000,1.000,1.000)|mesh(0.000,0.000,0.000)(0.250,0.010,2.500)
3d||pos(12.650,0.800,-8.000)|x(0.000,0.000,-1.000)|z(1.000,0.000,0.000)|scale(1.000,1.000,1.000)|parent(12.000,0.400,-8.000)|depth2|mesh(0.000,0.000,0.000)(0.150,0.125,0.150)
3d||pos(12.700,0.250,-8.000)|x(0.000,1.000,0.000)|z(1.000,0.000,0.000)|scale(1.000,1.000,1.000)|parent(12.000,0.400,-8.000)|depth2|mesh(0.000,0.000,0.000)(0.250,0.075,0.250)
3d||pos(12.820,0.720,-8.000)|x(0.000,0.000,-1.000)|z(1.000,0.000,0.000)|scale(1.000,1.000,1.000)|parent(12.000,0.400,-8.000)|depth2|mesh(0.000,0.000,0.000)(0.100,0.030,0.015)
3d||pos(13.000,0.080,50.000)|x(1.000,0.000,0.000)|z(0.000,0.000,1.000)|scale(1.000,1.000,1.000)|mesh(0.000,0.000,0.000)(0.250,0.010,2.500)
3d||pos(13.500,0.080,-50.000)|x(1.000,0.000,0.000)|z(0.000,0.000,1.000)|scale(1.000,1.000,1.000)|mesh(0.000,0.000,0.000)(0.250,0.010,2.500)
3d||pos(13.500,0.080,0.000)|x(1.000,0.000,0.000)|z(0.000,0.000,1.000)|scale(1.000,1.000,1.000)|mesh(0.000,0.000,0.000)(0.250,0.010,2.500)
3d||pos(14.000,0.080,50.000)|x(1.000,0.000,0.000)|z(0.000,0.000,1.000)|scale(1.000,1.000,1.000)|mesh(0.000,0.000,0.000)(0.250,0.010,2.500)
3d||pos(14.500,0.080,-50.000)|x(1.000,0.000,0.000)|z(0.000,0.000,1.000)|scale(1.000,1.000,1.000)|mesh(0.000,0.000,0.000)(0.250,0.010,2.500)
3d||pos(14.500,0.080,0.000)|x(1.000,0.000,0.000)|z(0.000,0.000,1.000)|scale(1.000,1.000,1.000)|mesh(0.000,0.000,0.000)(0.250,0.010,2.500)
3d||pos(15.000,0.080,50.000)|x(1.000,0.000,0.000)|z(0.000,0.000,1.000)|scale(1.000,1.000,1.000)|mesh(0.000,0.000,0.000)(0.250,0.010,2.500)
3d||pos(15.500,0.080,-50.000)|x(1.000,0.000,0.000)|z(0.000,0.000,1.000)|scale(1.000,1.000,1.000)|mesh(0.000,0.000,0.000)(0.250,0.010,2.500)
3d||pos(15.500,0.080,0.000)|x(1.000,0.000,0.000)|z(0.000,0.000,1.000)|scale(1.000,1.000,1.000)|mesh(0.000,0.000,0.000)(0.250,0.010,2.500)
3d||pos(16.000,0.080,50.000)|x(1.000,0.000,0.000)|z(0.000,0.000,1.000)|scale(1.000,1.000,1.000)|mesh(0.000,0.000,0.000)(0.250,0.010,2.500)
3d||pos(16.500,0.080,-50.000)|x(1.000,0.000,0.000)|z(0.000,0.000,1.000)|scale(1.000,1.000,1.000)|mesh(0.000,0.000,0.000)(0.250,0.010,2.500)
3d||pos(16.500,0.080,0.000)|x(1.000,0.000,0.000)|z(0.000,0.000,1.000)|scale(1.000,1.000,1.000)|mesh(0.000,0.000,0.000)(0.250,0.010,2.500)
3d||pos(17.000,0.080,50.000)|x(1.000,0.000,0.000)|z(0.000,0.000,1.000)|scale(1.000,1.000,1.000)|mesh(0.000,0.000,0.000)(0.250,0.010,2.500)
3d||pos(2.000,0.080,50.000)|x(1.000,0.000,0.000)|z(0.000,0.000,1.000)|scale(1.000,1.000,1.000)|mesh(0.000,0.000,0.000)(0.250,0.010,2.500)
3d||pos(2.500,0.080,-50.000)|x(1.000,0.000,0.000)|z(0.000,0.000,1.000)|scale(1.000,1.000,1.000)|mesh(0.000,0.000,0.000)(0.250,0.010,2.500)
3d||pos(2.500,0.080,0.000)|x(1.000,0.000,0.000)|z(0.000,0.000,1.000)|scale(1.000,1.000,1.000)|mesh(0.000,0.000,0.000)(0.250,0.010,2.500)
3d||pos(22.900,8.000,-58.000)|x(1.000,0.000,0.000)|z(0.000,0.000,1.000)|scale(1.000,1.000,1.000)|parent(25.000,8.000,-58.000)|depth1|mesh(0.000,0.000,0.000)(0.100,3.000,0.200)
3d||pos(25.000,0.000,8.000)|x(1.000,0.000,0.000)|z(0.000,0.000,1.000)|scale(1.000,1.000,1.000)|col:cylinder(2.500,0.150)
3d||pos(25.000,0.150,8.000)|x(1.000,0.000,0.000)|z(0.000,0.000,1.000)|scale(1.000,1.000,1.000)|parent(25.000,0.000,8.000)|depth1|mesh(0.000,0.000,0.000)(0.200,0.150,0.200)
3d||pos(25.000,11.100,-58.000)|x(1.000,0.000,0.000)|z(0.000,0.000,1.000)|scale(1.000,1.000,1.000)|parent(25.000,8.000,-58.000)|depth1|mesh(0.000,0.000,0.000)(2.200,0.100,0.200)
3d||pos(25.000,12.500,-56.000)|x(1.000,0.000,0.000)|z(0.000,0.000,1.000)|scale(1.000,1.000,1.000)|parent(25.000,8.000,-58.000)|depth1
3d||pos(25.000,2.500,8.000)|x(1.000,0.000,0.000)|z(0.000,0.000,1.000)|scale(1.000,1.000,1.000)|parent(25.000,0.000,8.000)|depth1|mesh(0.000,0.000,0.000)(0.080,2.500,0.080)
3d||pos(25.000,4.900,-58.000)|x(1.000,0.000,0.000)|z(0.000,0.000,1.000)|scale(1.000,1.000,1.000)|parent(25.000,8.000,-58.000)|depth1|mesh(0.000,0.000,0.000)(2.200,0.100,0.200)
3d||pos(25.000,5.000,8.000)|x(1.000,0.000,0.000)|z(0.000,0.000,1.000)|scale(1.000,1.000,1.000)|parent(25.000,0.000,8.000)|depth1|mesh(0.000,0.000,0.000)(0.298,0.300,0.300)
3d||pos(25.000,5.000,8.000)|x(1.000,0.000,0.000)|z(0.000,0.000,1.000)|scale(1.000,1.000,1.000)|parent(25.000,0.000,8.000)|depth1|streetlight:true
3d||pos(25.000,8.000,-58.000)|x(1.000,0.000,0.000)|z(0.000,0.000,1.000)|scale(1.000,1.000,1.000)|mesh(0.000,0.000,0.000)(2.000,3.000,0.150)
3d||pos(27.100,8.000,-58.000)|x(1.000,0.000,0.000)|z(0.000,0.000,1.000)|scale(1.000,1.000,1.000)|parent(25.000,8.000,-58.000)|depth1|mesh(0.000,0.000,0.000)(0.100,3.000,0.200)
3d||pos(28.000,10.000,-7.800)|x(1.000,0.000,0.000)|z(0.000,0.000,1.000)|scale(1.000,1.000,1.000)|parent(28.000,10.000,-8.000)|depth1|mesh(0.000,0.000,0.000)(1.500,0.400,0.025)
3d||pos(28.000,10.000,-8.050)|x(1.000,0.000,0.000)|z(0.000,0.000,1.000)|scale(1.000,1.000,1.000)|parent(28.000,10.000,-8.000)|depth1|mesh(0.000,0.000,0.000)(1.600,0.450,0.150)
3d||pos(28.000,10.000,-9.000)|x(1.000,0.000,0.000)|z(0.000,0.000,1.000)|scale(1.000,1.000,1.000)|parent(28.000,10.000,-8.000)|depth1
3d||pos(3.000,0.080,50.000)|x(1.000,0.000,0.000)|z(0.000,0.000,1.000)|scale(1.000,1.000,1.000)|mesh(0.000,0.000,0.000)(0.250,0.010,2.500)
3d||pos(3.500,0.080,-50.000)|x(1.000,0.000,0.000)|z(0.000,0.000,1.000)|scale(1.000,1.000,1.000)|mesh(0.000,0.000,0.000)(0.250,0.010,2.500)
3d||pos(3.500,0.080,0.000)|x(1.000,0.000,0.000)|z(0.000,0.000,1.000)|scale(1.000,1.000,1.000)|mesh(0.000,0.000,0.000)(0.250,0.010,2.500)
3d||pos(30.000,0.400,12.000)|x(1.000,0.000,0.000)|z(0.000,0.000,1.000)|scale(1.000,1.000,1.000)|mesh(0.000,0.000,0.000)(0.250,0.400,0.250)|col:cylinder(0.400,0.250)
3d||pos(30.000,0.600,12.240)|x(1.000,0.000,0.000)|z(0.000,0.000,1.000)|scale(1.000,1.000,1.000)|parent(30.000,0.400,12.000)|depth1|mesh(0.000,0.000,0.000)(0.075,0.075,0.010)
3d||pos(30.000,0.800,12.000)|x(1.000,0.000,0.000)|z(0.000,0.000,1.000)|scale(1.000,1.000,1.000)|parent(30.000,0.400,12.000)|depth1|mesh(0.000,0.000,0.000)(0.280,0.025,0.280)
3d||pos(32.900,8.000,-58.000)|x(1.000,0.000,0.000)|z(0.000,0.000,1.000)|scale(1.000,1.000,1.000)|parent(35.000,8.000,-58.000)|depth1|mesh(0.000,0.000,0.000)(0.100,3.000,0.200)
3d||pos(33.750,0.200,-25.000)|x(1.000,0.000,0.000)|z(0.000,0.000,1.000)|scale(1.000,1.000,1.000)|mesh(0.000,0.000,0.000)(26.250,0.000,4.000)
3d||pos(33.750,0.200,-50.000)|x(1.000,0.000,0.000)|z(0.000,0.000,1.000)|scale(1.000,1.000,1.000)|mesh(0.000,0.000,0.000)(26.250,0.000,7.500)
3d||pos(33.750,0.200,0.000)|x(1.000,0.000,0.000)|z(0.000,0.000,1.000)|scale(1.000,1.000,1.000)|mesh(0.000,0.000,0.000)(26.250,0.000,7.500)
3d||pos(35.000,0.000,-72.000)|x(1.000,0.000,0.000)|z(0.000,0.000,1.000)|scale(1.000,1.000,1.000)|col:cylinder(2.500,0.150)
3d||pos(35.000,0.000,40.000)|x(1.000,0.000,0.000)|z(0.000,0.000,1.000)|scale(1.000,1.000,1.000)|col:cylinder(2.500,0.150)
3d||pos(35.000,0.150,-72.000)|x(1.000,0.000,0.000)|z(0.000,0.000,1.000)|scale(1.000,1.000,1.000)|parent(35.000,0.000,-72.000)|depth1|mesh(0.000,0.000,0.000)(0.200,0.150,0.200)
3d||pos(35.000,0.150,40.000)|x(1.000,0.000,0.000)|z(0.000,0.000,1.000)|scale(1.000,1.000,1.000)|parent(35.000,0.000,40.000)|depth1|mesh(0.000,0.000,0.000)(0.200,0.150,0.200)
3d||pos(35.000,11.100,-58.000)|x(1.000,0.000,0.000)|z(0.000,0.000,1.000)|scale(1.000,1.000,1.000)|parent(35.000,8.000,-58.000)|depth1|mesh(0.000,0.000,0.000)(2.200,0.100,0.200)
3d||pos(35.000,12.500,-56.000)|x(1.000,0.000,0.000)|z(0.000,0.000,1.000)|scale(1.000,1.000,1.000)|parent(35.000,8.000,-58.000)|depth1
3d||pos(35.000,2.500,-72.000)|x(1.000,0.000,0.000)|z(0.000,0.000,1.000)|scale(1.000,1.000,1.000)|parent(35.000,0.000,-72.000)|depth1|mesh(0.000,0.000,0.000)(0.080,2.500,0.080)
3d||pos(35.000,2.500,40.000)|x(1.000,0.000,0.000)|z(0.000,0.000,1.000)|scale(1.000,1.000,1.000)|parent(35.000,0.000,40.000)|depth1|mesh(0.000,0.000,0.000)(0.080,2.500,0.080)
3d||pos(35.000,4.900,-58.000)|x(1.000,0.000,0.000)|z(0.000,0.000,1.000)|scale(1.000,1.000,1.000)|parent(35.000,8.000,-58.000)|depth1|mesh(0.000,0.000,0.000)(2.200,0.100,0.200)
3d||pos(35.000,5.000,-72.000)|x(1.000,0.000,0.000)|z(0.000,0.000,1.000)|scale(1.000,1.000,1.000)|parent(35.000,0.000,-72.000)|depth1|mesh(0.000,0.000,0.000)(0.298,0.300,0.300)
3d||pos(35.000,5.000,-72.000)|x(1.000,0.000,0.000)|z(0.000,0.000,1.000)|scale(1.000,1.000,1.000)|parent(35.000,0.000,-72.000)|depth1|streetlight:true
3d||pos(35.000,5.000,40.000)|x(1.000,0.000,0.000)|z(0.000,0.000,1.000)|scale(1.000,1.000,1.000)|parent(35.000,0.000,40.000)|depth1|mesh(0.000,0.000,0.000)(0.298,0.300,0.300)
3d||pos(35.000,5.000,40.000)|x(1.000,0.000,0.000)|z(0.000,0.000,1.000)|scale(1.000,1.000,1.000)|parent(35.000,0.000,40.000)|depth1|streetlight:true
3d||pos(35.000,8.000,-58.000)|x(1.000,0.000,0.000)|z(0.000,0.000,1.000)|scale(1.000,1.000,1.000)|mesh(0.000,0.000,0.000)(2.000,3.000,0.150)
3d||pos(37.100,8.000,-58.000)|x(1.000,0.000,0.000)|z(0.000,0.000,1.000)|scale(1.000,1.000,1.000)|parent(35.000,8.000,-58.000)|depth1|mesh(0.000,0.000,0.000)(0.100,3.000,0.200)
3d||pos(4.000,0.080,50.000)|x(1.000,0.000,0.000)|z(0.000,0.000,1.000)|scale(1.000,1.000,1.000)|mesh(0.000,0.000,0.000)(0.250,0.010,2.500)
3d||pos(4.500,0.080,-50.000)|x(1.000,0.000,0.000)|z(0.000,0.000,1.000)|scale(1.000,1.000,1.000)|mesh(0.000,0.000,0.000)(0.250,0.010,2.500)
3d||pos(4.500,0.080,0.000)|x(1.000,0.000,0.000)|z(0.000,0.000,1.000)|scale(1.000,1.000,1.000)|mesh(0.000,0.000,0.000)(0.250,0.010,2.500)
3d||pos(4.808,0.741,-5.000)|x(0.989,0.149,0.000)|z(0.000,0.000,1.000)|scale(1.000,1.000,1.000)|parent(4.790,0.860,-5.000)|depth2|mesh(0.000,0.000,0.000)(0.030,0.030,0.030)
3d||pos(4.820,0.940,-5.000)|x(1.000,0.000,0.000)|z(0.000,0.000,1.000)|scale(1.000,1.000,1.000)|parent(5.000,0.700,-5.000)|depth1|mesh(0.000,0.000,0.000)(0.045,0.045,0.045)
3d||pos(4.823,0.642,-5.000)|x(0.989,0.149,0.000)|z(0.000,0.000,1.000)|scale(1.000,1.000,1.000)|parent(4.790,0.860,-5.000)|depth2|mesh(0.000,0.000,0.000)(0.028,0.068,0.028)
3d||pos(4.838,0.544,-5.000)|x(0.989,0.149,0.000)|z(0.000,0.000,1.000)|scale(1.000,1.000,1.000)|parent(4.790,0.860,-5.000)|depth2|mesh(0.000,0.000,0.000)(0.022,0.022,0.022)
3d||pos(4.850,0.464,-5.000)|x(0.989,0.149,0.000)|z(0.000,0.000,1.000)|scale(1.000,1.000,1.000)|parent(4.790,0.860,-5.000)|depth2|mesh(0.000,0.000,0.000)(0.020,0.018,0.009)
3d||pos(4.890,1.280,-5.000)|x(1.000,0.000,0.000)|z(0.000,0.000,1.000)|scale(0.400,1.000,0.700)|parent(5.000,0.700,-5.000)|depth1|mesh(0.000,0.000,0.000)(0.028,0.028,0.028)
3d||pos(4.920,0.030,-4.925)|x(1.000,0.000,0.000)|z(0.000,0.000,1.000)|scale(1.000,0.700,1.200)|parent(5.000,0.700,-5.000)|depth1|mesh(0.000,0.000,0.000)(0.032,0.032,0.032)
3d||pos(4.920,0.030,-4.975)|x(1.000,0.000,0.000)|z(0.000,0.000,1.000)|scale(1.000,1.000,1.000)|parent(5.000,0.700,-5.000)|depth1|mesh(0.000,0.000,0.000)(0.030,0.020,0.060)
3d||pos(4.920,0.060,-5.000)|x(1.000,0.000,0.000)|z(0.000,0.000,1.000)|scale(1.000,1.000,1.000)|parent(5.000,0.700,-5.000)|depth1|mesh(0.000,0.000,0.000)(0.030,0.030,0.030)
3d||pos(4.920,0.180,-5.000)|x(1.000,0.000,0.000)|z(0.000,0.000,1.000)|scale(1.000,1.000,1.000)|parent(5.000,0.700,-5.000)|depth1|mesh(0.000,0.000,0.000)(0.038,0.093,0.038)
3d||pos(4.920,0.300,-5.000)|x(1.000,0.000,0.000)|z(0.000,0.000,1.000)|scale(1.000,1.000,1.000)|parent(5.000,0.700,-5.000)|depth1|mesh(0.000,0.000,0.000)(0.042,0.042,0.042)
3d||pos(4.920,0.440,-5.000)|x(1.000,0.000,0.000)|z(0.000,0.000,1.000)|scale(1.000,1.000,1.000)|parent(5.000,0.700,-5.000)|depth1|mesh(0.000,0.000,0.000)(0.050,0.110,0.050)
3d||pos(4.920,0.560,-5.000)|x(1.000,0.000,0.000)|z(0.000,0.000,1.000)|scale(1.000,1.000,1.000)|parent(5.000,0.700,-5.000)|depth1|mesh(0.000,0.000,0.000)(0.050,0.050,0.050)
3d||pos(4.962,1.295,-4.888)|x(1.000,0.000,0.000)|z(0.000,0.000,1.000)|scale(1.000,1.000,1.000)|parent(5.000,0.700,-5.000)|depth1|mesh(0.000,0.000,0.000)(0.009,0.009,0.009)
3d||pos(4.962,1.295,-4.898)|x(1.000,0.000,0.000)|z(0.000,0.000,1.000)|scale(1.200,0.800,0.500)|parent(5.000,0.700,-5.000)|depth1|mesh(0.000,0.000,0.000)(0.020,0.020,0.020)
3d||pos(4.962,1.323,-4.903)|x(1.000,0.000,0.000)|z(0.000,0.000,1.000)|scale(1.000,1.000,1.000)|parent(5.000,0.700,-5.000)|depth1|mesh(0.000,0.000,0.000)(0.018,0.004,0.006)
3d||pos(41.000,25.000,-57.800)|x(1.000,0.000,0.000)|z(0.000,0.000,1.000)|scale(1.000,1.000,1.000)|parent(41.000,25.000,-58.000)|depth1|mesh(0.000,0.000,0.000)(2.500,0.600,0.025)
3d||pos(41.000,25.000,-58.050)|x(1.000,0.000,0.000)|z(0.000,0.000,1.000)|scale(1.000,1.000,1.000)|parent(41.000,25.000,-58.000)|depth1|mesh(0.000,0.000,0.000)(2.600,0.650,0.150)
3d||pos(41.000,25.000,-59.000)|x(1.000,0.000,0.000)|z(0.000,0.000,1.000)|scale(1.000,1.000,1.000)|parent(41.000,25.000,-58.000)|depth1
3d||pos(42.000,0.900,36.000)|x(1.000,0.000,0.000)|z(0.000,0.000,1.000)|scale(1.000,1.000,1.000)|mesh(0.000,0.000,0.000)(0.400,0.900,0.300)|col:cuboid(0.400,0.900,0.300)
3d||pos(42.000,1.100,36.280)|x(1.000,0.000,0.000)|z(0.000,0.000,1.000)|scale(1.000,1.000,1.000)|parent(42.000,0.900,36.000)|depth1|mesh(0.000,0.000,0.000)(0.300,0.600,0.025)
3d||pos(42.000,1.650,36.280)|x(1.000,0.000,0.000)|z(0.000,0.000,1.000)|scale(1.000,1.000,1.000)|parent(42.000,0.900,36.000)|depth1|mesh(0.000,0.000,0.000)(0.250,0.100,0.025)
3d||pos(42.900,8.000,-58.000)|x(1.000,0.000,0.000)|z(0.000,0.000,1.000)|scale(1.000,1.000,1.000)|parent(45.000,8.000,-58.000)|depth1|mesh(0.000,0.000,0.000)(0.100,3.000,0.200)
3d||pos(45.000,0.000,8.000)|x(1.000,0.000,0.000)|z(0.000,0.000,1.000)|scale(1.000,1.000,1.000)|col:cylinder(2.500,0.150)
3d||pos(45.000,0.150,8.000)|x(1.000,0.000,0.000)|z(0.000,0.000,1.000)|scale(1.000,1.000,1.000)|parent(45.000,0.000,8.000)|depth1|mesh(0.000,0.000,0.000)(0.200,0.150,0.200)
3d||pos(45.000,11.100,-58.000)|x(1.000,0.000,0.000)|z(0.000,0.000,1.000)|scale(1.000,1.000,1.000)|parent(45.000,8.000,-58.000)|depth1|mesh(0.000,0.000,0.000)(2.200,0.100,0.200)
3d||pos(45.000,12.500,-56.000)|x(1.000,0.000,0.000)|z(0.000,0.000,1.000)|scale(1.000,1.000,1.000)|parent(45.000,8.000,-58.000)|depth1
3d||pos(45.000,2.500,8.000)|x(1.000,0.000,0.000)|z(0.000,0.000,1.000)|scale(1.000,1.000,1.000)|parent(45.000,0.000,8.000)|depth1|mesh(0.000,0.000,0.000)(0.080,2.500,0.080)
3d||pos(45.000,4.900,-58.000)|x(1.000,0.000,0.000)|z(0.000,0.000,1.000)|scale(1.000,1.000,1.000)|parent(45.000,8.000,-58.000)|depth1|mesh(0.000,0.000,0.000)(2.200,0.100,0.200)
3d||pos(45.000,5.000,8.000)|x(1.000,0.000,0.000)|z(0.000,0.000,1.000)|scale(1.000,1.000,1.000)|parent(45.000,0.000,8.000)|depth1|mesh(0.000,0.000,0.000)(0.298,0.300,0.300)
3d||pos(45.000,5.000,8.000)|x(1.000,0.000,0.000)|z(0.000,0.000,1.000)|scale(1.000,1.000,1.000)|parent(45.000,0.000,8.000)|depth1|streetlight:true
3d||pos(45.000,8.000,-58.000)|x(1.000,0.000,0.000)|z(0.000,0.000,1.000)|scale(1.000,1.000,1.000)|mesh(0.000,0.000,0.000)(2.000,3.000,0.150)
3d||pos(47.100,8.000,-58.000)|x(1.000,0.000,0.000)|z(0.000,0.000,1.000)|scale(1.000,1.000,1.000)|parent(45.000,8.000,-58.000)|depth1|mesh(0.000,0.000,0.000)(0.100,3.000,0.200)
3d||pos(49.000,10.000,57.000)|x(1.000,0.000,0.000)|z(0.000,0.000,1.000)|scale(1.000,1.000,1.000)|parent(49.000,10.000,58.000)|depth1
3d||pos(49.000,10.000,57.950)|x(1.000,0.000,0.000)|z(0.000,0.000,1.000)|scale(1.000,1.000,1.000)|parent(49.000,10.000,58.000)|depth1|mesh(0.000,0.000,0.000)(2.100,0.550,0.150)
3d||pos(49.000,10.000,58.200)|x(1.000,0.000,0.000)|z(0.000,0.000,1.000)|scale(1.000,1.000,1.000)|parent(49.000,10.000,58.000)|depth1|mesh(0.000,0.000,0.000)(2.000,0.500,0.025)
3d||pos(5.000,0.080,50.000)|x(1.000,0.000,0.000)|z(0.000,0.000,1.000)|scale(1.000,1.000,1.000)|mesh(0.000,0.000,0.000)(0.250,0.010,2.500)
3d||pos(5.000,0.600,-5.000)|x(1.000,0.000,0.000)|z(0.000,0.000,1.000)|scale(1.000,1.000,1.000)|parent(5.000,0.700,-5.000)|depth1|mesh(0.000,0.000,0.000)(0.140,0.050,0.075)
3d||pos(5.000,0.680,-5.000)|x(1.000,0.000,0.000)|z(0.000,0.000,1.000)|scale(1.000,1.000,1.000)|parent(5.000,0.700,-5.000)|depth1|mesh(0.000,0.000,0.000)(0.120,0.050,0.065)
3d||pos(5.000,0.860,-5.220)|x(1.000,0.000,0.000)|z(0.000,0.000,1.000)|scale(1.000,1.000,1.000)|parent(5.000,0.700,-5.000)|depth1|mesh(0.000,0.000,0.000)(0.140,0.160,0.090)
3d||pos(5.000,0.880,-5.000)|x(1.000,0.000,0.000)|z(0.000,0.000,1.000)|scale(1.000,1.000,1.000)|parent(5.000,0.700,-5.000)|depth1|mesh(0.000,0.000,0.000)(0.150,0.110,0.075)
3d||pos(5.000,1.030,-5.220)|x(1.000,0.000,0.000)|z(0.000,0.000,1.000)|scale(1.000,1.000,1.000)|parent(5.000,0.700,-5.000)|depth1|mesh(0.000,0.000,0.000)(0.130,0.025,0.080)
3d||pos(5.000,1.120,-5.000)|x(1.000,0.000,0.000)|z(0.000,0.000,1.000)|scale(1.000,1.000,1.000)|parent(5.000,0.700,-5.000)|depth1|mesh(0.000,0.000,0.000)(0.045,0.050,0.045)
3d||pos(5.000,1.232,-4.908)|x(1.000,0.000,0.000)|z(0.000,0.000,1.000)|scale(1.000,1.000,1.000)|parent(5.000,0.700,-5.000)|depth1|mesh(0.000,0.000,0.000)(0.023,0.007,0.008)
3d||pos(5.000,1.270,-4.886)|x(1.000,0.000,0.000)|z(0.000,0.000,1.000)|scale(1.000,1.000,1.000)|parent(5.000,0.700,-5.000)|depth1|mesh(0.000,0.000,0.000)(0.011,0.020,0.014)
3d||pos(5.000,1.280,-5.000)|x(1.000,0.000,0.000)|z(0.000,0.000,1.000)|scale(0.950,1.000,0.900)|parent(5.000,0.700,-5.000)|depth1|mesh(0.000,0.000,0.000)(0.119,0.120,0.120)
3d||pos(5.000,1.300,-5.080)|x(1.000,0.000,0.000)|z(0.000,0.000,1.000)|scale(0.900,0.800,0.600)|parent(5.000,0.700,-5.000)|depth1|mesh(0.000,0.000,0.000)(0.107,0.108,0.108)
3d||pos(5.000,1.330,-5.020)|x(1.000,0.000,0.000)|z(0.000,0.000,1.000)|scale(1.050,0.500,1.150)|parent(5.000,0.700,-5.000)|depth1|mesh(0.000,0.000,0.000)(0.134,0.134,0.134)
3d||pos(5.000,1.382,-4.920)|x(1.000,0.000,0.000)|z(0.000,0.000,1.000)|scale(1.000,1.000,1.000)|parent(5.000,0.700,-5.000)|depth1|mesh(0.000,0.000,0.000)(0.100,0.018,0.025)
3d||pos(5.038,1.295,-4.888)|x(1.000,0.000,0.000)|z(0.000,0.000,1.000)|scale(1.000,1.000,1.000)|parent(5.000,0.700,-5.000)|depth1|mesh(0.000,0.000,0.000)(0.009,0.009,0.009)
3d||pos(5.038,1.295,-4.898)|x(1.000,0.000,0.000)|z(0.000,0.000,1.000)|scale(1.200,0.800,0.500)|parent(5.000,0.700,-5.000)|depth1|mesh(0.000,0.000,0.000)(0.020,0.020,0.020)
3d||pos(5.038,1.323,-4.903)|x(1.000,0.000,0.000)|z(0.000,0.000,1.000)|scale(1.000,1.000,1.000)|parent(5.000,0.700,-5.000)|depth1|mesh(0.000,0.000,0.000)(0.018,0.004,0.006)
3d||pos(5.080,0.030,-4.925)|x(1.000,0.000,0.000)|z(0.000,0.000,1.000)|scale(1.000,0.700,1.200)|parent(5.000,0.700,-5.000)|depth1|mesh(0.000,0.000,0.000)(0.032,0.032,0.032)
3d||pos(5.080,0.030,-4.975)|x(1.000,0.000,0.000)|z(0.000,0.000,1.000)|scale(1.000,1.000,1.000)|parent(5.000,0.700,-5.000)|depth1|mesh(0.000,0.000,0.000)(0.030,0.020,0.060)
3d||pos(5.080,0.060,-5.000)|x(1.000,0.000,0.000)|z(0.000,0.000,1.000)|scale(1.000,1.000,1.000)|parent(5.000,0.700,-5.000)|depth1|mesh(0.000,0.000,0.000)(0.030,0.030,0.030)
3d||pos(5.080,0.180,-5.000)|x(1.000,0.000,0.000)|z(0.000,0.000,1.000)|scale(1.000,1.000,1.000)|parent(5.000,0.700,-5.000)|depth1|mesh(0.000,0.000,0.000)(0.038,0.093,0.038)
3d||pos(5.080,0.300,-5.000)|x(1.000,0.000,0.000)|z(0.000,0.000,1.000)|scale(1.000,1.000,1.000)|parent(5.000,0.700,-5.000)|depth1|mesh(0.000,0.000,0.000)(0.042,0.042,0.042)
3d||pos(5.080,0.440,-5.000)|x(1.000,0.000,0.000)|z(0.000,0.000,1.000)|scale(1.000,1.000,1.000)|parent(5.000,0.700,-5.000)|depth1|mesh(0.000,0.000,0.000)(0.050,0.110,0.050)
3d||pos(5.080,0.560,-5.000)|x(1.000,0.000,0.000)|z(0.000,0.000,1.000)|scale(1.000,1.000,1.000)|parent(5.000,0.700,-5.000)|depth1|mesh(0.000,0.000,0.000)(0.050,0.050,0.050)
3d||pos(5.110,1.280,-5.000)|x(1.000,0.000,0.000)|z(0.000,0.000,1.000)|scale(0.400,1.000,0.700)|parent(5.000,0.700,-5.000)|depth1|mesh(0.000,0.000,0.000)(0.028,0.028,0.028)
3d||pos(5.150,0.464,-5.000)|x(0.989,-0.149,0.000)|z(0.000,0.000,1.000)|scale(1.000,1.000,1.000)|parent(5.210,0.860,-5.000)|depth2|mesh(0.000,0.000,0.000)(0.020,0.018,0.009)
3d||pos(5.162,0.544,-5.000)|x(0.989,-0.149,0.000)|z(0.000,0.000,1.000)|scale(1.000,1.000,1.000)|parent(5.210,0.860,-5.000)|depth2|mesh(0.000,0.000,0.000)(0.022,0.022,0.022)
3d||pos(5.177,0.642,-5.000)|x(0.989,-0.149,0.000)|z(0.000,0.000,1.000)|scale(1.000,1.000,1.000)|parent(5.210,0.860,-5.000)|depth2|mesh(0.000,0.000,0.000)(0.028,0.068,0.028)
3d||pos(5.180,0.940,-5.000)|x(1.000,0.000,0.000)|z(0.000,0.000,1.000)|scale(1.000,1.000,1.000)|parent(5.000,0.700,-5.000)|depth1|mesh(0.000,0.000,0.000)(0.045,0.045,0.045)
3d||pos(5.192,0.741,-5.000)|x(0.989,-0.149,0.000)|z(0.000,0.000,1.000)|scale(1.000,1.000,1.000)|parent(5.210,0.860,-5.000)|depth2|mesh(0.000,0.000,0.000)(0.030,0.030,0.030)
3d||pos(5.500,0.080,-50.000)|x(1.000,0.000,0.000)|z(0.000,0.000,1.000)|scale(1.000,1.000,1.000)|mesh(0.000,0.000,0.000)(0.250,0.010,2.500)
3d||pos(5.500,0.080,0.000)|x(1.000,0.000,0.000)|z(0.000,0.000,1.000)|scale(1.000,1.000,1.000)|mesh(0.000,0.000,0.000)(0.250,0.010,2.500)
3d||pos(52.900,8.000,-58.000)|x(1.000,0.000,0.000)|z(0.000,0.000,1.000)|scale(1.000,1.000,1.000)|parent(55.000,8.000,-58.000)|depth1|mesh(0.000,0.000,0.000)(0.100,3.000,0.200)
3d||pos(55.000,0.000,-25.000)|x(1.000,0.000,0.000)|z(0.000,0.000,1.000)|scale(1.000,1.000,1.000)|col:cylinder(2.500,0.150)
3d||pos(55.000,0.000,-60.000)|x(1.000,0.000,0.000)|z(0.000,0.000,1.000)|scale(1.000,1.000,1.000)|col:cylinder(2.500,0.150)
3d||pos(55.000,0.000,10.000)|x(1.000,0.000,0.000)|z(0.000,0.000,1.000)|scale(1.000,1.000,1.000)|col:cylinder(2.500,0.150)
3d||pos(55.000,0.000,40.000)|x(1.000,0.000,0.000)|z(0.000,0.000,1.000)|scale(1.000,1.000,1.000)|col:cylinder(2.500,0.150)
3d||pos(55.000,0.150,-25.000)|x(1.000,0.000,0.000)|z(0.000,0.000,1.000)|scale(1.000,1.000,1.000)|parent(55.000,0.000,-25.000)|depth1|mesh(0.000,0.000,0.000)(0.200,0.150,0.200)
3d||pos(55.000,0.150,-60.000)|x(1.000,0.000,0.000)|z(0.000,0.000,1.000)|scale(1.000,1.000,1.000)|parent(55.000,0.000,-60.000)|depth1|mesh(0.000,0.000,0.000)(0.200,0.150,0.200)
3d||pos(55.000,0.150,10.000)|x(1.000,0.000,0.000)|z(0.000,0.000,1.000)|scale(1.000,1.000,1.000)|parent(55.000,0.000,10.000)|depth1|mesh(0.000,0.000,0.000)(0.200,0.150,0.200)
3d||pos(55.000,0.150,40.000)|x(1.000,0.000,0.000)|z(0.000,0.000,1.000)|scale(1.000,1.000,1.000)|parent(55.000,0.000,40.000)|depth1|mesh(0.000,0.000,0.000)(0.200,0.150,0.200)
3d||pos(55.000,11.100,-58.000)|x(1.000,0.000,0.000)|z(0.000,0.000,1.000)|scale(1.000,1.000,1.000)|parent(55.000,8.000,-58.000)|depth1|mesh(0.000,0.000,0.000)(2.200,0.100,0.200)
3d||pos(55.000,12.500,-56.000)|x(1.000,0.000,0.000)|z(0.000,0.000,1.000)|scale(1.000,1.000,1.000)|parent(55.000,8.000,-58.000)|depth1
3d||pos(55.000,2.500,-25.000)|x(1.000,0.000,0.000)|z(0.000,0.000,1.000)|scale(1.000,1.000,1.000)|parent(55.000,0.000,-25.000)|depth1|mesh(0.000,0.000,0.000)(0.080,2.500,0.080)
3d||pos(55.000,2.500,-60.000)|x(1.000,0.000,0.000)|z(0.000,0.000,1.000)|scale(1.000,1.000,1.000)|parent(55.000,0.000,-60.000)|depth1|mesh(0.000,0.000,0.000)(0.080,2.500,0.080)
3d||pos(55.000,2.500,10.000)|x(1.000,0.000,0.000)|z(0.000,0.000,1.000)|scale(1.000,1.000,1.000)|parent(55.000,0.000,10.000)|depth1|mesh(0.000,0.000,0.000)(0.080,2.500,0.080)
3d||pos(55.000,2.500,40.000)|x(1.000,0.000,0.000)|z(0.000,0.000,1.000)|scale(1.000,1.000,1.000)|parent(55.000,0.000,40.000)|depth1|mesh(0.000,0.000,0.000)(0.080,2.500,0.080)
3d||pos(55.000,4.900,-58.000)|x(1.000,0.000,0.000)|z(0.000,0.000,1.000)|scale(1.000,1.000,1.000)|parent(55.000,8.000,-58.000)|depth1|mesh(0.000,0.000,0.000)(2.200,0.100,0.200)
3d||pos(55.000,5.000,-25.000)|x(1.000,0.000,0.000)|z(0.000,0.000,1.000)|scale(1.000,1.000,1.000)|parent(55.000,0.000,-25.000)|depth1|mesh(0.000,0.000,0.000)(0.298,0.300,0.300)
3d||pos(55.000,5.000,-25.000)|x(1.000,0.000,0.000)|z(0.000,0.000,1.000)|scale(1.000,1.000,1.000)|parent(55.000,0.000,-25.000)|depth1|streetlight:true
3d||pos(55.000,5.000,-60.000)|x(1.000,0.000,0.000)|z(0.000,0.000,1.000)|scale(1.000,1.000,1.000)|parent(55.000,0.000,-60.000)|depth1|mesh(0.000,0.000,0.000)(0.298,0.300,0.300)
3d||pos(55.000,5.000,-60.000)|x(1.000,0.000,0.000)|z(0.000,0.000,1.000)|scale(1.000,1.000,1.000)|parent(55.000,0.000,-60.000)|depth1|streetlight:true
3d||pos(55.000,5.000,10.000)|x(1.000,0.000,0.000)|z(0.000,0.000,1.000)|scale(1.000,1.000,1.000)|parent(55.000,0.000,10.000)|depth1|mesh(0.000,0.000,0.000)(0.298,0.300,0.300)
3d||pos(55.000,5.000,10.000)|x(1.000,0.000,0.000)|z(0.000,0.000,1.000)|scale(1.000,1.000,1.000)|parent(55.000,0.000,10.000)|depth1|streetlight:true
3d||pos(55.000,5.000,40.000)|x(1.000,0.000,0.000)|z(0.000,0.000,1.000)|scale(1.000,1.000,1.000)|parent(55.000,0.000,40.000)|depth1|mesh(0.000,0.000,0.000)(0.298,0.300,0.300)
3d||pos(55.000,5.000,40.000)|x(1.000,0.000,0.000)|z(0.000,0.000,1.000)|scale(1.000,1.000,1.000)|parent(55.000,0.000,40.000)|depth1|streetlight:true
3d||pos(55.000,8.000,-58.000)|x(1.000,0.000,0.000)|z(0.000,0.000,1.000)|scale(1.000,1.000,1.000)|mesh(0.000,0.000,0.000)(2.000,3.000,0.150)
3d||pos(57.100,8.000,-58.000)|x(1.000,0.000,0.000)|z(0.000,0.000,1.000)|scale(1.000,1.000,1.000)|parent(55.000,8.000,-58.000)|depth1|mesh(0.000,0.000,0.000)(0.100,3.000,0.200)
3d||pos(58.840,4.100,-73.000)|x(0.000,0.000,1.000)|z(-1.000,0.000,0.000)|scale(1.000,1.000,1.000)|parent(59.000,0.000,-73.000)|depth1|mesh(0.000,0.000,0.000)(0.119,0.120,0.120)
3d||pos(58.840,4.100,59.000)|x(0.000,0.000,1.000)|z(-1.000,0.000,0.000)|scale(1.000,1.000,1.000)|parent(59.000,0.000,59.000)|depth1|mesh(0.000,0.000,0.000)(0.119,0.120,0.120)
3d||pos(58.840,4.500,-73.000)|x(0.000,0.000,1.000)|z(-1.000,0.000,0.000)|scale(1.000,1.000,1.000)|parent(59.000,0.000,-73.000)|depth1|mesh(0.000,0.000,0.000)(0.119,0.120,0.120)
3d||pos(58.840,4.500,59.000)|x(0.000,0.000,1.000)|z(-1.000,0.000,0.000)|scale(1.000,1.000,1.000)|parent(59.000,0.000,59.000)|depth1|mesh(0.000,0.000,0.000)(0.119,0.120,0.120)
3d||pos(58.840,4.900,-73.000)|x(0.000,0.000,1.000)|z(-1.000,0.000,0.000)|scale(1.000,1.000,1.000)|parent(59.000,0.000,-73.000)|depth1|mesh(0.000,0.000,0.000)(0.119,0.120,0.120)
3d||pos(58.840,4.900,59.000)|x(0.000,0.000,1.000)|z(-1.000,0.000,0.000)|scale(1.000,1.000,1.000)|parent(59.000,0.000,59.000)|depth1|mesh(0.000,0.000,0.000)(0.119,0.120,0.120)
3d||pos(59.000,2.000,-73.000)|x(0.000,0.000,1.000)|z(-1.000,0.000,0.000)|scale(1.000,1.000,1.000)|parent(59.000,0.000,-73.000)|depth1|mesh(0.000,0.000,0.000)(0.100,2.000,0.100)
3d||pos(59.000,2.000,-87.000)|x(-1.000,0.000,0.000)|z(0.000,0.000,-1.000)|scale(1.000,1.000,1.000)|parent(59.000,0.000,-87.000)|depth1|mesh(0.000,0.000,0.000)(0.100,2.000,0.100)
3d||pos(59.000,2.000,41.000)|x(-1.000,0.000,0.000)|z(0.000,0.000,-1.000)|scale(1.000,1.000,1.000)|parent(59.000,0.000,41.000)|depth1|mesh(0.000,0.000,0.000)(0.100,2.000,0.100)
3d||pos(59.000,2.000,59.000)|x(0.000,0.000,1.000)|z(-1.000,0.000,0.000)|scale(1.000,1.000,1.000)|parent(59.000,0.000,59.000)|depth1|mesh(0.000,0.000,0.000)(0.100,2.000,0.100)
3d||pos(59.000,4.100,-87.160)|x(-1.000,0.000,0.000)|z(0.000,0.000,-1.000)|scale(1.000,1.000,1.000)|parent(59.000,0.000,-87.000)|depth1|mesh(0.000,0.000,0.000)(0.119,0.120,0.120)
3d||pos(59.000,4.100,40.840)|x(-1.000,0.000,0.000)|z(0.000,0.000,-1.000)|scale(1.000,1.000,1.000)|parent(59.000,0.000,41.000)|depth1|mesh(0.000,0.000,0.000)(0.119,0.120,0.120)
3d||pos(59.000,4.500,-73.000)|x(0.000,0.000,1.000)|z(-1.000,0.000,0.000)|scale(1.000,1.000,1.000)|parent(59.000,0.000,-73.000)|depth1|mesh(0.000,0.000,0.000)(0.250,0.600,0.150)
3d||pos(59.000,4.500,-87.000)|x(-1.000,0.000,0.000)|z(0.000,0.000,-1.000)|scale(1.000,1.000,1.000)|parent(59.000,0.000,-87.000)|depth1|mesh(0.000,0.000,0.000)(0.250,0.600,0.150)
3d||pos(59.000,4.500,-87.160)|x(-1.000,0.000,0.000)|z(0.000,0.000,-1.000)|scale(1.000,1.000,1.000)|parent(59.000,0.000,-87.000)|depth1|mesh(0.000,0.000,0.000)(0.119,0.120,0.120)
3d||pos(59.000,4.500,40.840)|x(-1.000,0.000,0.000)|z(0.000,0.000,-1.000)|scale(1.000,1.000,1.000)|parent(59.000,0.000,41.000)|depth1|mesh(0.000,0.000,0.000)(0.119,0.120,0.120)
3d||pos(59.000,4.500,41.000)|x(-1.000,0.000,0.000)|z(0.000,0.000,-1.000)|scale(1.000,1.000,1.000)|parent(59.000,0.000,41.000)|depth1|mesh(0.000,0.000,0.000)(0.250,0.600,0.150)
3d||pos(59.000,4.500,59.000)|x(0.000,0.000,1.000)|z(-1.000,0.000,0.000)|scale(1.000,1.000,1.000)|parent(59.000,0.000,59.000)|depth1|mesh(0.000,0.000,0.000)(0.250,0.600,0.150)
3d||pos(59.000,4.900,-87.160)|x(-1.000,0.000,0.000)|z(0.000,0.000,-1.000)|scale(1.000,1.000,1.000)|parent(59.000,0.000,-87.000)|depth1|mesh(0.000,0.000,0.000)(0.119,0.120,0.120)
3d||pos(59.000,4.900,40.840)|x(-1.000,0.000,0.000)|z(0.000,0.000,-1.000)|scale(1.000,1.000,1.000)|parent(59.000,0.000,41.000)|depth1|mesh(0.000,0.000,0.000)(0.119,0.120,0.120)
3d||pos(6.000,0.080,50.000)|x(1.000,0.000,0.000)|z(0.000,0.000,1.000)|scale(1.000,1.000,1.000)|mesh(0.000,0.000,0.000)(0.250,0.010,2.500)
3d||pos(6.500,0.080,-50.000)|x(1.000,0.000,0.000)|z(0.000,0.000,1.000)|scale(1.000,1.000,1.000)|mesh(0.000,0.000,0.000)(0.250,0.010,2.500)
3d||pos(6.500,0.080,0.000)|x(1.000,0.000,0.000)|z(0.000,0.000,1.000)|scale(1.000,1.000,1.000)|mesh(0.000,0.000,0.000)(0.250,0.010,2.500)
3d||pos(62.000,0.300,-15.000)|x(1.000,0.000,0.000)|z(0.000,0.000,1.000)|scale(1.000,1.000,1.000)|mesh(0.000,0.000,0.000)(2.000,0.000,90.000)
3d||pos(67.950,0.600,51.000)|x(0.000,0.000,-1.000)|z(1.000,0.000,0.000)|scale(1.000,1.000,1.000)|parent(72.000,0.500,52.000)|depth2|mesh(0.000,0.000,0.000)(0.200,0.100,0.050)
3d||pos(67.950,0.600,53.000)|x(0.000,0.000,-1.000)|z(1.000,0.000,0.000)|scale(1.000,1.000,1.000)|parent(72.000,0.500,52.000)|depth2|mesh(0.000,0.000,0.000)(0.200,0.100,0.050)
3d||pos(69.500,-0.100,50.600)|x(0.000,1.000,0.000)|z(1.000,0.000,0.000)|scale(1.000,1.000,1.000)|parent(72.000,0.500,52.000)|depth2|mesh(0.000,0.000,0.000)(0.350,0.150,0.350)
3d||pos(69.500,-0.100,53.400)|x(0.000,1.000,0.000)|z(1.000,0.000,0.000)|scale(1.000,1.000,1.000)|parent(72.000,0.500,52.000)|depth2|mesh(0.000,0.000,0.000)(0.350,0.150,0.350)
3d||pos(7.000,0.080,50.000)|x(1.000,0.000,0.000)|z(0.000,0.000,1.000)|scale(1.000,1.000,1.000)|mesh(0.000,0.000,0.000)(0.250,0.010,2.500)
3d||pos(7.500,0.080,-50.000)|x(1.000,0.000,0.000)|z(0.000,0.000,1.000)|scale(1.000,1.000,1.000)|mesh(0.000,0.000,0.000)(0.250,0.010,2.500)
3d||pos(7.500,0.080,0.000)|x(1.000,0.000,0.000)|z(0.000,0.000,1.000)|scale(1.000,1.000,1.000)|mesh(0.000,0.000,0.000)(0.250,0.010,2.500)
3d||pos(7.500,13.000,34.000)|x(1.000,0.000,0.000)|z(0.000,0.000,1.000)|scale(1.000,1.000,1.000)|parent(7.500,13.000,35.000)|depth1
3d||pos(7.500,13.000,34.950)|x(1.000,0.000,0.000)|z(0.000,0.000,1.000)|scale(1.000,1.000,1.000)|parent(7.500,13.000,35.000)|depth1|mesh(0.000,0.000,0.000)(1.600,0.800,0.150)
3d||pos(7.500,13.000,35.200)|x(1.000,0.000,0.000)|z(0.000,0.000,1.000)|scale(1.000,1.000,1.000)|parent(7.500,13.000,35.000)|depth1|mesh(0.000,0.000,0.000)(1.500,0.750,0.025)
3d||pos(7.500,9.000,-13.300)|x(1.000,0.000,0.000)|z(0.000,0.000,1.000)|scale(1.000,1.000,1.000)|parent(7.500,9.000,-13.500)|depth1|mesh(0.000,0.000,0.000)(1.750,0.500,0.025)
3d||pos(7.500,9.000,-13.550)|x(1.000,0.000,0.000)|z(0.000,0.000,1.000)|scale(1.000,1.000,1.000)|parent(7.500,9.000,-13.500)|depth1|mesh(0.000,0.000,0.000)(1.850,0.550,0.150)
3d||pos(7.500,9.000,-14.500)|x(1.000,0.000,0.000)|z(0.000,0.000,1.000)|scale(1.000,1.000,1.000)|parent(7.500,9.000,-13.500)|depth1
3d||pos(72.000,0.500,52.000)|x(0.000,0.000,-1.000)|z(1.000,0.000,0.000)|scale(1.000,1.000,1.000)|parent(72.000,0.500,52.000)|depth1
3d||pos(72.000,0.500,52.000)|x(0.000,0.000,-1.000)|z(1.000,0.000,0.000)|scale(1.000,1.000,1.000)|parent(72.000,0.500,52.000)|depth2|mesh(0.000,0.000,0.000)(1.400,0.600,4.000)
3d||pos(72.000,1.600,52.000)|x(0.000,0.000,-1.000)|z(1.000,0.000,0.000)|scale(1.000,1.000,1.000)|parent(72.000,0.500,52.000)|depth2|mesh(0.000,0.000,0.000)(1.350,0.500,3.750)
3d||pos(74.500,-0.100,50.600)|x(0.000,1.000,0.000)|z(1.000,0.000,0.000)|scale(1.000,1.000,1.000)|parent(72.000,0.500,52.000)|depth2|mesh(0.000,0.000,0.000)(0.350,0.150,0.350)
3d||pos(74.500,-0.100,53.400)|x(0.000,1.000,0.000)|z(1.000,0.000,0.000)|scale(1.000,1.000,1.000)|parent(72.000,0.500,52.000)|depth2|mesh(0.000,0.000,0.000)(0.350,0.150,0.350)
3d||pos(76.050,0.600,51.000)|x(0.000,0.000,-1.000)|z(1.000,0.000,0.000)|scale(1.000,1.000,1.000)|parent(72.000,0.500,52.000)|depth2|mesh(0.000,0.000,0.000)(0.200,0.100,0.050)
3d||pos(76.050,0.600,53.000)|x(0.000,0.000,-1.000)|z(1.000,0.000,0.000)|scale(1.000,1.000,1.000)|parent(72.000,0.500,52.000)|depth2|mesh(0.000,0.000,0.000)(0.200,0.100,0.050)
3d||pos(79.850,0.065,-15.000)|x(1.000,0.000,0.000)|z(0.000,0.000,1.000)|scale(1.000,1.000,1.000)|parent(80.000,0.050,-15.000)|depth1|mesh(0.000,0.000,0.000)(0.100,0.005,90.000)
3d||pos(8.000,0.000,-10.000)|x(1.000,0.000,0.000)|z(0.000,0.000,1.000)|scale(1.000,1.000,1.000)|col:cylinder(2.500,0.150)
3d||pos(8.000,0.000,-35.000)|x(1.000,0.000,0.000)|z(0.000,0.000,1.000)|scale(1.000,1.000,1.000)|col:cylinder(2.500,0.150)
3d||pos(8.000,0.000,15.000)|x(1.000,0.000,0.000)|z(0.000,0.000,1.000)|scale(1.000,1.000,1.000)|col:cylinder(2.500,0.150)
3d||pos(8.000,0.000,40.000)|x(1.000,0.000,0.000)|z(0.000,0.000,1.000)|scale(1.000,1.000,1.000)|col:cylinder(2.500,0.150)
3d||pos(8.000,0.080,50.000)|x(1.000,0.000,0.000)|z(0.000,0.000,1.000)|scale(1.000,1.000,1.000)|mesh(0.000,0.000,0.000)(0.250,0.010,2.500)
3d||pos(8.000,0.150,-10.000)|x(1.000,0.000,0.000)|z(0.000,0.000,1.000)|scale(1.000,1.000,1.000)|parent(8.000,0.000,-10.000)|depth1|mesh(0.000,0.000,0.000)(0.200,0.150,0.200)
3d||pos(8.000,0.150,-35.000)|x(1.000,0.000,0.000)|z(0.000,0.000,1.000)|scale(1.000,1.000,1.000)|parent(8.000,0.000,-35.000)|depth1|mesh(0.000,0.000,0.000)(0.200,0.150,0.200)
3d||pos(8.000,0.150,15.000)|x(1.000,0.000,0.000)|z(0.000,0.000,1.000)|scale(1.000,1.000,1.000)|parent(8.000,0.000,15.000)|depth1|mesh(0.000,0.000,0.000)(0.200,0.150,0.200)
3d||pos(8.000,0.150,40.000)|x(1.000,0.000,0.000)|z(0.000,0.000,1.000)|scale(1.000,1.000,1.000)|parent(8.000,0.000,40.000)|depth1|mesh(0.000,0.000,0.000)(0.200,0.150,0.200)
3d||pos(8.000,0.400,-10.000)|x(1.000,0.000,0.000)|z(0.000,0.000,1.000)|scale(1.000,1.000,1.000)|mesh(0.000,0.000,0.000)(0.250,0.400,0.250)|col:cylinder(0.400,0.250)
3d||pos(8.000,0.400,-55.000)|x(1.000,0.000,0.000)|z(0.000,0.000,1.000)|scale(1.000,1.000,1.000)|mesh(0.000,0.000,0.000)(0.250,0.400,0.250)|col:cylinder(0.400,0.250)
3d||pos(8.000,0.600,-54.760)|x(1.000,0.000,0.000)|z(0.000,0.000,1.000)|scale(1.000,1.000,1.000)|parent(8.000,0.400,-55.000)|depth1|mesh(0.000,0.000,0.000)(0.075,0.075,0.010)
3d||pos(8.000,0.600,-9.760)|x(1.000,0.000,0.000)|z(0.000,0.000,1.000)|scale(1.000,1.000,1.000)|parent(8.000,0.400,-10.000)|depth1|mesh(0.000,0.000,0.000)(0.075,0.075,0.010)
3d||pos(8.000,0.800,-10.000)|x(1.000,0.000,0.000)|z(0.000,0.000,1.000)|scale(1.000,1.000,1.000)|parent(8.000,0.400,-10.000)|depth1|mesh(0.000,0.000,0.000)(0.280,0.025,0.280)
3d||pos(8.000,0.800,-55.000)|x(1.000,0.000,0.000)|z(0.000,0.000,1.000)|scale(1.000,1.000,1.000)|parent(8.000,0.400,-55.000)|depth1|mesh(0.000,0.000,0.000)(0.280,0.025,0.280)
3d||pos(8.000,2.500,-10.000)|x(1.000,0.000,0.000)|z(0.000,0.000,1.000)|scale(1.000,1.000,1.000)|parent(8.000,0.000,-10.000)|depth1|mesh(0.000,0.000,0.000)(0.080,2.500,0.080)
3d||pos(8.000,2.500,-35.000)|x(1.000,0.000,0.000)|z(0.000,0.000,1.000)|scale(1.000,1.000,1.000)|parent(8.000,0.000,-35.000)|depth1|mesh(0.000,0.000,0.000)(0.080,2.500,0.080)
3d||pos(8.000,2.500,15.000)|x(1.000,0.000,0.000)|z(0.000,0.000,1.000)|scale(1.000,1.000,1.000)|parent(8.000,0.000,15.000)|depth1|mesh(0.000,0.000,0.000)(0.080,2.500,0.080)
3d||pos(8.000,2.500,40.000)|x(1.000,0.000,0.000)|z(0.000,0.000,1.000)|scale(1.000,1.000,1.000)|parent(8.000,0.000,40.000)|depth1|mesh(0.000,0.000,0.000)(0.080,2.500,0.080)
3d||pos(8.000,5.000,-10.000)|x(1.000,0.000,0.000)|z(0.000,0.000,1.000)|scale(1.000,1.000,1.000)|parent(8.000,0.000,-10.000)|depth1|mesh(0.000,0.000,0.000)(0.298,0.300,0.300)
3d||pos(8.000,5.000,-10.000)|x(1.000,0.000,0.000)|z(0.000,0.000,1.000)|scale(1.000,1.000,1.000)|parent(8.000,0.000,-10.000)|depth1|streetlight:true
3d||pos(8.000,5.000,-35.000)|x(1.000,0.000,0.000)|z(0.000,0.000,1.000)|scale(1.000,1.000,1.000)|parent(8.000,0.000,-35.000)|depth1|mesh(0.000,0.000,0.000)(0.298,0.300,0.300)
3d||pos(8.000,5.000,-35.000)|x(1.000,0.000,0.000)|z(0.000,0.000,1.000)|scale(1.000,1.000,1.000)|parent(8.000,0.000,-35.000)|depth1|streetlight:true
3d||pos(8.000,5.000,15.000)|x(1.000,0.000,0.000)|z(0.000,0.000,1.000)|scale(1.000,1.000,1.000)|parent(8.000,0.000,15.000)|depth1|mesh(0.000,0.000,0.000)(0.298,0.300,0.300)
3d||pos(8.000,5.000,15.000)|x(1.000,0.000,0.000)|z(0.000,0.000,1.000)|scale(1.000,1.000,1.000)|parent(8.000,0.000,15.000)|depth1|streetlight:true
3d||pos(8.000,5.000,40.000)|x(1.000,0.000,0.000)|z(0.000,0.000,1.000)|scale(1.000,1.000,1.000)|parent(8.000,0.000,40.000)|depth1|mesh(0.000,0.000,0.000)(0.298,0.300,0.300)
3d||pos(8.000,5.000,40.000)|x(1.000,0.000,0.000)|z(0.000,0.000,1.000)|scale(1.000,1.000,1.000)|parent(8.000,0.000,40.000)|depth1|streetlight:true
3d||pos(8.500,0.080,-50.000)|x(1.000,0.000,0.000)|z(0.000,0.000,1.000)|scale(1.000,1.000,1.000)|mesh(0.000,0.000,0.000)(0.250,0.010,2.500)
3d||pos(8.500,0.080,0.000)|x(1.000,0.000,0.000)|z(0.000,0.000,1.000)|scale(1.000,1.000,1.000)|mesh(0.000,0.000,0.000)(0.250,0.010,2.500)
3d||pos(80.000,0.050,-15.000)|x(1.000,0.000,0.000)|z(0.000,0.000,1.000)|scale(1.000,1.000,1.000)|mesh(0.000,0.000,0.000)(16.000,0.000,90.000)
3d||pos(80.150,0.065,-15.000)|x(1.000,0.000,0.000)|z(0.000,0.000,1.000)|scale(1.000,1.000,1.000)|parent(80.000,0.050,-15.000)|depth1|mesh(0.000,0.000,0.000)(0.100,0.005,90.000)
3d||pos(82.980,0.300,52.000)|x(1.000,0.000,0.000)|z(0.000,0.000,1.000)|scale(1.000,1.000,1.000)|parent(84.000,0.500,52.000)|depth2|mesh(0.000,0.000,0.000)(0.025,0.025,1.250)
3d||pos(83.000,0.200,50.800)|x(0.000,1.000,0.000)|z(0.000,0.000,1.000)|scale(1.000,1.000,1.000)|parent(84.000,0.500,52.000)|depth2|mesh(0.000,0.000,0.000)(0.350,0.150,0.350)
3d||pos(83.000,0.200,53.200)|x(0.000,1.000,0.000)|z(0.000,0.000,1.000)|scale(1.000,1.000,1.000)|parent(84.000,0.500,52.000)|depth2|mesh(0.000,0.000,0.000)(0.350,0.150,0.350)
3d||pos(83.400,0.600,49.950)|x(1.000,0.000,0.000)|z(0.000,0.000,1.000)|scale(1.000,1.000,1.000)|parent(84.000,0.500,52.000)|depth2|mesh(0.000,0.000,0.000)(0.200,0.100,0.050)
3d||pos(83.400,0.600,54.050)|x(1.000,0.000,0.000)|z(0.000,0.000,1.000)|scale(1.000,1.000,1.000)|parent(84.000,0.500,52.000)|depth2|mesh(0.000,0.000,0.000)(0.200,0.100,0.050)
3d||pos(83.400,0.950,53.800)|x(1.000,0.000,0.000)|z(0.000,0.000,1.000)|scale(1.000,1.000,1.000)|parent(84.000,0.500,52.000)|depth2|mesh(0.000,0.000,0.000)(0.050,0.150,0.050)
3d||pos(84.000,0.000,52.000)|x(1.000,0.000,0.000)|z(0.000,0.000,1.000)|scale(1.000,1.000,1.000)|parent(84.000,0.500,52.000)|depth2
3d||pos(84.000,0.500,52.000)|x(1.000,0.000,0.000)|z(0.000,0.000,1.000)|scale(1.000,1.000,1.000)|parent(84.000,0.500,52.000)|depth1
3d||pos(84.000,0.500,52.000)|x(1.000,0.000,0.000)|z(0.000,0.000,1.000)|scale(1.000,1.000,1.000)|parent(84.000,0.500,52.000)|depth2|mesh(0.000,0.000,0.000)(1.000,0.300,2.000)
3d||pos(84.000,1.050,51.800)|x(1.000,0.000,0.000)|z(0.000,0.000,1.000)|scale(1.000,1.000,1.000)|parent(84.000,0.500,52.000)|depth2|mesh(0.000,0.000,0.000)(0.900,0.250,1.000)
3d||pos(84.000,1.100,53.800)|x(1.000,0.000,0.000)|z(0.000,0.000,1.000)|scale(1.000,1.000,1.000)|parent(84.000,0.500,52.000)|depth2|mesh(0.000,0.000,0.000)(0.900,0.025,0.200)
3d||pos(84.600,0.600,49.950)|x(1.000,0.000,0.000)|z(0.000,0.000,1.000)|scale(1.000,1.000,1.000)|parent(84.000,0.500,52.000)|depth2|mesh(0.000,0.000,0.000)(0.200,0.100,0.050)
3d||pos(84.600,0.600,54.050)|x(1.000,0.000,0.000)|z(0.000,0.000,1.000)|scale(1.000,1.000,1.000)|parent(84.000,0.500,52.000)|depth2|mesh(0.000,0.000,0.000)(0.200,0.100,0.050)
3d||pos(84.600,0.950,53.800)|x(1.000,0.000,0.000)|z(0.000,0.000,1.000)|scale(1.000,1.000,1.000)|parent(84.000,0.500,52.000)|depth2|mesh(0.000,0.000,0.000)(0.050,0.150,0.050)
3d||pos(85.000,0.200,50.800)|x(0.000,1.000,0.000)|z(0.000,0.000,1.000)|scale(1.000,1.000,1.000)|parent(84.000,0.500,52.000)|depth2|mesh(0.000,0.000,0.000)(0.350,0.150,0.350)
3d||pos(85.000,0.200,53.200)|x(0.000,1.000,0.000)|z(0.000,0.000,1.000)|scale(1.000,1.000,1.000)|parent(84.000,0.500,52.000)|depth2|mesh(0.000,0.000,0.000)(0.350,0.150,0.350)
3d||pos(85.020,0.300,52.000)|x(1.000,0.000,0.000)|z(0.000,0.000,1.000)|scale(1.000,1.000,1.000)|parent(84.000,0.500,52.000)|depth2|mesh(0.000,0.000,0.000)(0.025,0.025,1.250)
3d||pos(9.000,0.080,50.000)|x(1.000,0.000,0.000)|z(0.000,0.000,1.000)|scale(1.000,1.000,1.000)|mesh(0.000,0.000,0.000)(0.250,0.010,2.500)
3d||pos(9.500,0.080,-50.000)|x(1.000,0.000,0.000)|z(0.000,0.000,1.000)|scale(1.000,1.000,1.000)|mesh(0.000,0.000,0.000)(0.250,0.010,2.500)
3d||pos(9.500,0.080,0.000)|x(1.000,0.000,0.000)|z(0.000,0.000,1.000)|scale(1.000,1.000,1.000)|mesh(0.000,0.000,0.000)(0.250,0.010,2.500)
3d||pos(98.000,0.300,-15.000)|x(1.000,0.000,0.000)|z(0.000,0.000,1.000)|scale(1.000,1.000,1.000)|mesh(0.000,0.000,0.000)(2.000,0.000,90.000)
3d|全家便利|pos(-42.500,2.667,-62.250)|x(1.000,0.000,0.000)|z(0.000,0.000,1.000)|scale(1.000,1.000,1.000)|parent(-42.500,4.000,-67.500)|depth1|mesh(0.000,0.000,0.000)(4.000,2.400,0.050)
3d|全家便利|pos(-42.500,4.000,-67.500)|x(1.000,0.000,0.000)|z(0.000,0.000,1.000)|scale(1.000,1.000,1.000)|mesh(0.000,0.000,0.000)(5.000,4.000,5.000)|col:cuboid(5.000,4.000,5.000)|bld:全家便利:Shop
3d|全家便利|pos(-42.500,7.000,-62.300)|x(1.000,0.000,0.000)|z(0.000,0.000,1.000)|scale(1.000,1.000,1.000)|parent(-42.500,4.000,-67.500)|depth1|mesh(0.000,0.000,0.000)(4.500,0.750,0.150)
3d|國賓影城|pos(33.667,16.000,-58.800)|x(1.000,0.000,0.000)|z(0.000,0.000,1.000)|scale(1.000,1.000,1.000)|parent(41.000,16.000,-68.000)|depth1|mesh(0.000,0.000,0.000)(3.143,9.600,0.100)
3d|國賓影城|pos(41.000,16.000,-58.800)|x(1.000,0.000,0.000)|z(0.000,0.000,1.000)|scale(1.000,1.000,1.000)|parent(41.000,16.000,-68.000)|depth1|mesh(0.000,0.000,0.000)(3.143,9.600,0.100)
3d|國賓影城|pos(41.000,16.000,-68.000)|x(1.000,0.000,0.000)|z(0.000,0.000,1.000)|scale(1.000,1.000,1.000)|mesh(0.000,0.000,0.000)(11.000,16.000,9.000)|col:cuboid(11.000,16.000,9.000)|bld:國賓影城:Shop
3d|國賓影城|pos(48.333,16.000,-58.800)|x(1.000,0.000,0.000)|z(0.000,0.000,1.000)|scale(1.000,1.000,1.000)|parent(41.000,16.000,-68.000)|depth1|mesh(0.000,0.000,0.000)(3.143,9.600,0.100)
3d|大創|pos(-84.500,3.333,71.750)|x(1.000,0.000,0.000)|z(0.000,0.000,1.000)|scale(1.000,1.000,1.000)|parent(-84.500,5.000,65.500)|depth1|mesh(0.000,0.000,0.000)(5.100,3.000,0.050)
3d|大創|pos(-84.500,5.000,65.500)|x(1.000,0.000,0.000)|z(0.000,0.000,1.000)|scale(1.000,1.000,1.000)|mesh(0.000,0.000,0.000)(6.000,5.000,6.000)|col:cuboid(6.000,5.000,6.000)|bld:大創:Shop
3d|大創|pos(-84.500,8.500,71.700)|x(1.000,0.000,0.000)|z(0.000,0.000,1.000)|scale(1.000,1.000,1.000)|parent(-84.500,5.000,65.500)|depth1|mesh(0.000,0.000,0.000)(4.800,1.000,0.150)
3d|小吃街|pos(10.250,13.000,-27.500)|x(1.000,0.000,0.000)|z(0.000,0.000,1.000)|scale(1.000,1.000,1.000)|parent(11.500,3.000,-27.500)|depth1|mesh(0.000,0.000,0.000)(0.750,7.000,0.750)
3d|小吃街|pos(11.500,3.000,-27.500)|x(1.000,0.000,0.000)|z(0.000,0.000,1.000)|scale(1.000,1.000,1.000)|mesh(0.000,0.000,0.000)(2.500,3.000,2.500)|col:cuboid(2.500,3.000,2.500)|bld:小吃街:Shop
3d|小吃街|pos(12.750,13.000,-27.500)|x(1.000,0.000,0.000)|z(0.000,0.000,1.000)|scale(1.000,1.000,1.000)|parent(11.500,3.000,-27.500)|depth1|mesh(0.000,0.000,0.000)(0.750,7.000,0.750)
3d|峨嵋停車場|pos(-75.000,-1.000,20.000)|x(1.000,0.000,0.000)|z(0.000,0.000,1.000)|scale(1.000,1.000,1.000)|parent(-75.000,10.000,20.000)|depth1|mesh(0.000,0.000,0.000)(11.500,0.100,16.500)
3d|峨嵋停車場|pos(-75.000,10.000,20.000)|x(1.000,0.000,0.000)|z(0.000,0.000,1.000)|scale(1.000,1.000,1.000)|mesh(0.000,0.000,0.000)(11.000,11.000,16.000)|col:cuboid(11.000,11.000,16.000)|bld:峨嵋停車場:Shop
3d|峨嵋停車場|pos(-75.000,11.000,20.000)|x(1.000,0.000,0.000)|z(0.000,0.000,1.000)|scale(1.000,1.000,1.000)|parent(-75.000,10.000,20.000)|depth1|mesh(0.000,0.000,0.000)(11.500,0.100,16.500)
3d|峨嵋停車場|pos(-75.000,15.000,20.000)|x(1.000,0.000,0.000)|z(0.000,0.000,1.000)|scale(1.000,1.000,1.000)|parent(-75.000,10.000,20.000)|depth1|mesh(0.000,0.000,0.000)(11.500,0.100,16.500)
3d|峨嵋停車場|pos(-75.000,3.000,20.000)|x(1.000,0.000,0.000)|z(0.000,0.000,1.000)|scale(1.000,1.000,1.000)|parent(-75.000,10.000,20.000)|depth1|mesh(0.000,0.000,0.000)(11.500,0.100,16.500)
3d|峨嵋停車場|pos(-75.000,7.000,20.000)|x(1.000,0.000,0.000)|z(0.000,0.000,1.000)|scale(1.000,1.000,1.000)|parent(-75.000,10.000,20.000)|depth1|mesh(0.000,0.000,0.000)(11.500,0.100,16.500)
3d|彈珠台|pos(-83.500,13.500,40.500)|x(1.000,0.000,0.000)|z(0.000,0.000,1.000)|scale(1.000,1.000,1.000)|parent(-83.500,6.000,33.500)|depth1|mesh(0.000,0.000,0.000)(5.600,1.000,0.250)
3d|彈珠台|pos(-83.500,2.400,33.500)|x(1.000,0.000,0.000)|z(0.000,0.000,1.000)|scale(1.000,1.000,1.000)|parent(-83.500,6.000,33.500)|depth1|mesh(0.000,0.000,0.000)(7.050,0.150,7.050)
3d|彈珠台|pos(-83.500,4.800,33.500)|x(1.000,0.000,0.000)|z(0.000,0.000,1.000)|scale(1.000,1.000,1.000)|parent(-83.500,6.000,33.500)|depth1|mesh(0.000,0.000,0.000)(7.050,0.150,7.050)
3d|彈珠台|pos(-83.500,6.000,33.500)|x(1.000,0.000,0.000)|z(0.000,0.000,1.000)|scale(1.000,1.000,1.000)|mesh(0.000,0.000,0.000)(7.000,6.000,7.000)|col:cuboid(7.000,6.000,7.000)|bld:彈珠台:Shop
3d|彈珠台|pos(-83.500,7.200,33.500)|x(1.000,0.000,0.000)|z(0.000,0.000,1.000)|scale(1.000,1.000,1.000)|parent(-83.500,6.000,33.500)|depth1|mesh(0.000,0.000,0.000)(7.050,0.150,7.050)
3d|彈珠台|pos(-83.500,9.600,33.500)|x(1.000,0.000,0.000)|z(0.000,0.000,1.000)|scale(1.000,1.000,1.000)|parent(-83.500,6.000,33.500)|depth1|mesh(0.000,0.000,0.000)(7.050,0.150,7.050)
3d|捷運6號出口|pos(52.500,2.400,34.500)|x(1.000,0.000,0.000)|z(0.000,0.000,1.000)|scale(1.000,1.000,1.000)|mesh(0.000,0.000,0.000)(6.000,2.400,6.000)|col:cuboid(6.000,2.400,6.000)|bld:捷運6號出口:Shop
3d|捷運6號出口|pos(52.500,6.400,34.500)|x(1.000,0.000,0.000)|z(0.000,0.000,1.000)|scale(1.000,1.000,1.000)|parent(52.500,2.400,34.500)|depth1|mesh(0.000,0.000,0.000)(3.600,1.600,3.600)
3d|摩斯漢堡|pos(14.000,11.000,-67.500)|x(1.000,0.000,0.000)|z(0.000,0.000,1.000)|scale(1.000,1.000,1.000)|parent(14.000,5.000,-67.500)|depth1|mesh(0.000,0.000,0.000)(3.000,0.750,0.150)
3d|摩斯漢堡|pos(14.000,5.000,-67.500)|x(1.000,0.000,0.000)|z(0.000,0.000,1.000)|scale(1.000,1.000,1.000)|mesh(0.000,0.000,0.000)(5.000,5.000,5.000)|col:cuboid(5.000,5.000,5.000)|bld:摩斯漢堡:Shop
3d|摩斯漢堡|pos(14.000,7.500,-62.200)|x(1.000,0.000,0.000)|z(0.000,0.000,1.000)|scale(1.000,1.000,1.000)|parent(14.000,5.000,-67.500)|depth1|mesh(0.000,0.000,0.000)(2.500,2.500,0.250)
3d|新光三越|pos(49.500,14.000,-17.000)|x(1.000,0.000,0.000)|z(0.000,0.000,1.000)|scale(1.000,1.000,1.000)|mesh(0.000,0.000,0.000)(9.000,14.000,8.000)|col:cuboid(9.000,14.000,8.000)|bld:新光三越:Shop
3d|潮牌店|pos(28.000,11.667,-4.800)|x(1.000,0.000,0.000)|z(0.000,0.000,1.000)|scale(1.000,1.000,1.000)|parent(28.000,7.000,-10.000)|depth1|mesh(0.000,0.000,0.000)(2.000,0.750,0.150)
3d|潮牌店|pos(28.000,5.250,-4.800)|x(1.000,0.000,0.000)|z(0.000,0.000,1.000)|scale(1.000,1.000,1.000)|parent(28.000,7.000,-10.000)|depth1|mesh(0.000,0.000,0.000)(4.250,4.900,0.075)
3d|潮牌店|pos(28.000,7.000,-10.000)|x(1.000,0.000,0.000)|z(0.000,0.000,1.000)|scale(1.000,1.000,1.000)|mesh(0.000,0.000,0.000)(5.000,7.000,5.000)|col:cuboid(5.000,7.000,5.000)|bld:潮牌店:Shop
3d|獅子林|pos(-73.500,12.000,-70.000)|x(1.000,0.000,0.000)|z(0.000,0.000,1.000)|scale(1.000,1.000,1.000)|mesh(0.000,0.000,0.000)(11.000,12.000,11.000)|col:cuboid(11.000,12.000,11.000)|bld:獅子林:Shop
3d|球鞋專賣|pos(52.000,12.500,20.200)|x(1.000,0.000,0.000)|z(0.000,0.000,1.000)|scale(1.000,1.000,1.000)|parent(52.000,7.500,14.000)|depth1|mesh(0.000,0.000,0.000)(2.400,0.750,0.150)
3d|球鞋專賣|pos(52.000,5.625,20.200)|x(1.000,0.000,0.000)|z(0.000,0.000,1.000)|scale(1.000,1.000,1.000)|parent(52.000,7.500,14.000)|depth1|mesh(0.000,0.000,0.000)(5.100,5.250,0.075)
3d|球鞋專賣|pos(52.000,7.500,14.000)|x(1.000,0.000,0.000)|z(0.000,0.000,1.000)|scale(1.000,1.000,1.000)|mesh(0.000,0.000,0.000)(6.000,7.500,6.000)|col:cuboid(6.000,7.500,6.000)|bld:球鞋專賣:Shop
3d|肯德基|pos(-20.000,13.000,33.000)|x(1.000,0.000,0.000)|z(0.000,0.000,1.000)|scale(1.000,1.000,1.000)|parent(-20.000,6.000,33.000)|depth1|mesh(0.000,0.000,0.000)(3.000,0.750,0.150)
3d|肯德基|pos(-20.000,6.000,33.000)|x(1.000,0.000,0.000)|z(0.000,0.000,1.000)|scale(1.000,1.000,1.000)|mesh(0.000,0.000,0.000)(5.000,6.000,5.000)|col:cuboid(5.000,6.000,5.000)|bld:肯德基:Shop
3d|肯德基|pos(-20.000,9.000,38.300)|x(1.000,0.000,0.000)|z(0.000,0.000,1.000)|scale(1.000,1.000,1.000)|parent(-20.000,6.000,33.000)|depth1|mesh(0.000,0.000,0.000)(2.500,2.500,0.250)
3d|萬年大樓|pos(-68.500,14.000,-15.000)|x(1.000,0.000,0.000)|z(0.000,0.000,1.000)|scale(1.000,1.000,1.000)|parent(-72.500,14.000,-16.500)|depth1|mesh(0.000,0.000,0.000)(6.000,15.400,6.000)
3d|萬年大樓|pos(-68.500,30.000,-15.000)|x(1.000,0.000,0.000)|z(0.000,0.000,1.000)|scale(1.000,1.000,1.000)|parent(-72.500,14.000,-16.500)|depth1|mesh(0.000,0.000,0.000)(4.800,2.150,4.800)
3d|萬年大樓|pos(-72.500,14.000,-16.500)|x(1.000,0.000,0.000)|z(0.000,0.000,1.000)|scale(1.000,1.000,1.000)|mesh(0.000,0.000,0.000)(9.000,14.000,6.750)|col:cuboid(10.000,14.000,7.500)|bld:萬年大樓:Shop
3d|萬年大樓|pos(-73.000,14.000,-9.450)|x(1.000,0.000,0.000)|z(0.000,0.000,1.000)|scale(1.000,1.000,1.000)|parent(-72.500,14.000,-16.500)|depth1|mesh(0.000,0.000,0.000)(8.000,8.400,0.250)
3d|西門紅樓|pos(47.500,7.000,70.500)|x(1.000,0.000,0.000)|z(0.000,0.000,1.000)|scale(1.000,1.000,1.000)|mesh(0.000,0.000,0.000)(11.000,7.000,11.000)|col:cuboid(11.000,7.000,11.000)|bld:西門紅樓:Shop
3d|遠東百貨|pos(106.500,16.250,-63.500)|x(1.000,0.000,0.000)|z(0.000,0.000,1.000)|scale(1.000,1.000,1.000)|parent(111.500,3.750,-63.500)|depth1|mesh(0.000,0.000,0.000)(3.000,8.750,2.700)
3d|遠東百貨|pos(111.500,3.750,-63.500)|x(1.000,0.000,0.000)|z(0.000,0.000,1.000)|scale(1.000,1.000,1.000)|mesh(0.000,0.000,0.000)(10.000,3.750,9.000)|col:cuboid(10.000,3.750,9.000)|bld:遠東百貨:Shop
3d|遠東百貨|pos(116.500,16.250,-63.500)|x(1.000,0.000,0.000)|z(0.000,0.000,1.000)|scale(1.000,1.000,1.000)|parent(111.500,3.750,-63.500)|depth1|mesh(0.000,0.000,0.000)(3.000,8.750,2.700)
3d|錢櫃KTV|pos(105.500,14.300,32.500)|x(1.000,0.000,0.000)|z(0.000,0.000,1.000)|scale(1.000,1.000,1.000)|parent(109.500,3.300,32.500)|depth1|mesh(0.000,0.000,0.000)(2.400,7.700,2.400)
3d|錢櫃KTV|pos(109.500,3.300,32.500)|x(1.000,0.000,0.000)|z(0.000,0.000,1.000)|scale(1.000,1.000,1.000)|mesh(0.000,0.000,0.000)(8.000,3.300,8.000)|col:cuboid(8.000,3.300,8.000)|bld:錢櫃KTV:Shop
3d|錢櫃KTV|pos(113.500,14.300,32.500)|x(1.000,0.000,0.000)|z(0.000,0.000,1.000)|scale(1.000,1.000,1.000)|parent(109.500,3.300,32.500)|depth1|mesh(0.000,0.000,0.000)(2.400,7.700,2.400)
3d|阿宗麵線|pos(36.500,10.000,-27.500)|x(1.000,0.000,0.000)|z(0.000,0.000,1.000)|scale(1.000,1.000,1.000)|mesh(0.000,0.000,0.000)(4.000,10.000,3.000)|col:cuboid(4.000,10.000,3.000)|bld:阿宗麵線:Shop
3d|電影公園|pos(-74.000,2.000,-39.500)|x(1.000,0.000,0.000)|z(0.000,0.000,1.000)|scale(1.000,1.000,1.000)|mesh(0.000,0.000,0.000)(11.500,2.000,9.000)|col:cuboid(11.500,2.000,9.000)|bld:電影公園:Shop
3d|鴨肉扁|pos(53.500,4.000,-36.000)|x(1.000,0.000,0.000)|z(0.000,0.000,1.000)|scale(1.000,1.000,1.000)|mesh(0.000,0.000,0.000)(5.000,4.000,5.000)|col:cuboid(5.000,4.000,5.000)|bld:鴨肉扁:Shop
3d|麥當勞|pos(-16.000,13.000,-66.500)|x(1.000,0.000,0.000)|z(0.000,0.000,1.000)|scale(1.000,1.000,1.000)|parent(-16.000,6.000,-66.500)|depth1|mesh(0.000,0.000,0.000)(4.200,0.750,0.150)
3d|麥當勞|pos(-16.000,6.000,-66.500)|x(1.000,0.000,0.000)|z(0.000,0.000,1.000)|scale(1.000,1.000,1.000)|mesh(0.000,0.000,0.000)(7.000,6.000,6.000)|col:cuboid(7.000,6.000,6.000)|bld:麥當勞:Shop
3d|麥當勞|pos(-16.000,9.000,-60.200)|x(1.000,0.000,0.000)|z(0.000,0.000,1.000)|scale(1.000,1.000,1.000)|parent(-16.000,6.000,-66.500)|depth1|mesh(0.000,0.000,0.000)(3.500,3.500,0.250)
res|MapBounds|-119.000,109.000,-94.000,64.000
res|grid_row|000|.1 W8 .15 W7 .20 W8 .26 W20 .1
res|grid_row|001|.1 W8 .15 W7 .20 W8 .26 W20 .1
res|grid_row|002|W106
res|grid_row|003|W106
res|grid_row|004|W106
res|grid_row|005|W106
res|grid_row|006|W106
res|grid_row|007|W106
res|grid_row|008|.1 W8 .15 W7 .20 W8 .26 W20 .1
res|grid_row|009|.1 W8 .15 W7 .20 W8 .26 W20 .1
res|grid_row|010|.1 W8 .15 W7 .20 W8 .26 W20 .1
res|grid_row|011|.1 W8 .15 W7 .20 W8 .26 W20 .1
res|grid_row|012|.1 W8 .15 W7 .20 W8 .26 W20 .1
res|grid_row|013|.1 W8 .15 W7 .20 W8 .26 W20 .1
res|grid_row|014|.1 W8 .15 W7 .20 W8 .26 W20 .1
res|grid_row|015|.1 W8 .15 W7 .20 W8 .26 W20 .1
res|grid_row|016|W106
res|grid_row|017|W106
res|grid_row|018|W106
res|grid_row|019|W106
res|grid_row|020|W106
res|grid_row|021|W106
res|grid_row|022|W106
res|grid_row|023|W106
res|grid_row|024|.1 W8 .15 W7 .20 W8 .26 W20 .1
res|grid_row|025|.1 W8 .15 W7 .20 W8 .26 W20 .1
res|grid_row|026|.1 W8 .15 W7 .20 W8 .26 W20 .1
res|grid_row|027|.1 W8 .15 W7 .20 W8 .26 W20 .1
res|grid_row|028|.1 W8 .15 W7 .20 W8 .26 W20 .1
res|grid_row|029|.1 W8 .15 W7 .20 W8 .26 W20 .1
res|grid_row|030|W106
res|grid_row|031|W106
res|grid_row|032|W106
res|grid_row|033|W106
res|grid_row|034|W106
res|grid_row|035|.1 W8 .15 W7 .20 W8 .26 W20 .1
res|grid_row|036|.1 W8 .15 W7 .20 W8 .26 W20 .1
res|grid_row|037|.1 W8 .15 W7 .20 W8 .26 W20 .1
res|grid_row|038|.1 W8 .15 W7 .20 W8 .26 W20 .1
res|grid_row|039|.1 W8 .15 W7 .20 W8 .26 W20 .1
res|grid_row|040|.1 W8 .15 W7 .20 W8 .26 W20 .1
res|grid_row|041|W106
res|grid_row|042|W106
res|grid_row|043|W106
res|grid_row|044|W106
res|grid_row|045|W106
res|grid_row|046|W106
res|grid_row|047|W106
res|grid_row|048|W106
res|grid_row|049|.1 W8 .15 W7 .20 W8 .26 W20 .1
res|grid_row|050|.1 W8 .15 W7 .20 W8 .26 W20 .1
res|grid_row|051|.1 W8 .15 W7 .20 W8 .26 W20 .1
res|grid_row|052|.1 W8 .15 W7 .20 W8 .26 W20 .1
res|grid_row|053|.1 W8 .15 W7 .20 W8 .26 W20 .1
res|grid_row|054|.1 W8 .15 W7 .20 W8 .26 W20 .1
res|grid_row|055|.1 W8 .15 W7 .20 W8 .26 W20 .1
res|grid_row|056|.1 W8 .15 W7 .20 W8 .26 W20 .1
res|grid_row|057|.1 W8 .15 W7 .20 W8 .26 W20 .1
res|grid_row|058|.1 W8 .15 W7 .20 W8 .26 W20 .1
res|grid_row|059|.1 W8 .15 W7 .20 W8 .26 W20 .1
res|grid_row|060|.1 W8 .15 W7 .20 W8 .26 W20 .1
res|grid_row|061|.1 W8 .15 W7 .20 W8 .26 W20 .1
res|grid_row|062|.1 W8 .15 W7 .20 W8 .26 W20 .1
res|grid_row|063|.1 W8 .15 W7 .20 W8 .26 W20 .1
res|grid_row|064|.1 W8 .15 W7 .20 W8 .26 W20 .1
res|grid_row|065|.1 W8 .15 W7 .20 W8 .26 W20 .1
res|grid_row|066|W106
res|grid_row|067|W106
res|grid_row|068|W106
res|grid_row|069|W106
res|grid_row|070|W106
res|grid_row|071|W106
res|grid_row|072|W106
res|grid_row|073|W106
res|grid_row|074|.1 W8 .15 W7 .20 W8 .26 W20 .1
res|grid|origin(-110.000,0.000,-90.000)|106x75|cell2.000
res|poi|bench(-25.000,0.250,0.000)
res|poi|bench(0.000,0.250,-25.000)
res|poi|bench(0.000,0.250,15.000)
res|poi|bench(20.000,0.250,0.000)
res|poi|photo(-30.000,0.250,-30.000)
res|poi|photo(0.000,0.250,0.000)
res|poi|photo(25.000,0.250,25.000)
res|poi|shelter(-25.000,0.250,-52.000)|Awning|4
res|poi|shelter(-30.000,0.250,44.000)|BusStop|6
res|poi|shelter(-40.000,0.250,22.000)|Overpass|8
res|poi|shelter(-55.000,0.250,-52.000)|Awning|4
res|poi|shelter(-55.000,0.250,52.000)|Building|3
res|poi|shelter(0.000,0.250,-52.000)|Awning|4
res|poi|shelter(0.000,0.250,52.000)|Building|5
res|poi|shelter(25.000,0.250,-52.000)|Awning|4
res|poi|shelter(30.000,0.250,44.000)|BusStop|6
res|poi|shelter(55.000,0.250,-52.000)|Awning|4
res|poi|shelter(55.000,0.250,52.000)|Building|3
res|poi|shop(-12.000,0.250,-10.000)
res|poi|shop(-12.000,0.250,-30.000)
res|poi|shop(-12.000,0.250,10.000)
res|poi|shop(-20.000,0.250,12.000)
res|poi|shop(0.000,0.250,12.000)
res|poi|shop(12.000,0.250,-20.000)
res|poi|shop(12.000,0.250,-40.000)
res|poi|shop(12.000,0.250,0.000)
res|poi|shop(12.000,0.250,20.000)
res|poi|shop(15.000,0.250,12.000)
res|untracked_entities|0
ui|fullmap/0/0/0|lauto|tauto|wauto|hauto|text:西門町地圖
ui|fullmap/0/0|lauto|tauto|wauto|hauto
ui|fullmap/0|l0.000px|t25.000px|w100.000%|hauto
ui|fullmap/1/0/0/0|l0.000px|t0.000px|w150.000px|h100.000px
ui|fullmap/1/0/0/10|l0.000px|t800.000px|w100.000%|h1.000px
ui|fullmap/1/0/0/11|l0.000px|t0.000px|w1.000px|h100.000%
ui|fullmap/1/0/0/12|l100.000px|t0.000px|w1.000px|h100.000%
ui|fullmap/1/0/0/13|l200.000px|t0.000px|w1.000px|h100.000%
ui|fullmap/1/0/0/14|l300.000px|t0.000px|w1.000px|h100.000%
ui|fullmap/1/0/0/15|l400.000px|t0.000px|w1.000px|h100.000%
ui|fullmap/1/0/0/16|l500.000px|t0.000px|w1.000px|h100.000%
ui|fullmap/1/0/0/17|l600.000px|t0.000px|w1.000px|h100.000%
ui|fullmap/1/0/0/18|l700.000px|t0.000px|w1.000px|h100.000%
ui|fullmap/1/0/0/19|l800.000px|t0.000px|w1.000px|h100.000%
ui|fullmap/1/0/0/1|lauto|t0.000px|w150.000px|h100.000px
ui|fullmap/1/0/0/20|l900.000px|t0.000px|w1.000px|h100.000%
ui|fullmap/1/0/0/21|l1000.000px|t0.000px|w1.000px|h100.000%
ui|fullmap/1/0/0/22|l1100.000px|t0.000px|w1.000px|h100.000%
ui|fullmap/1/0/0/23|l1200.000px|t0.000px|w1.000px|h100.000%
ui|fullmap/1/0/0/24/0|lauto|tauto|wauto|hauto|text:中華路
ui|fullmap/1/0/0/24|l720.000px|t190.000px|w80.000px|h360.000px
ui|fullmap/1/0/0/25/0|lauto|tauto|wauto|hauto|text:西寧南路
ui|fullmap/1/0/0/25|l478.000px|t190.000px|w24.000px|h360.000px
ui|fullmap/1/0/0/26/0|lauto|tauto|wauto|hauto|text:康定路
ui|fullmap/1/0/0/26|l384.000px|t190.000px|w32.000px|h360.000px
ui|fullmap/1/0/0/27/0|lauto|tauto|wauto|hauto|text:漢中街
ui|fullmap/1/0/0/27|l585.000px|t300.000px|w30.000px|h200.000px
ui|fullmap/1/0/0/28/0|lauto|tauto|wauto|hauto|text:漢口街
ui|fullmap/1/0/0/28|l380.000px|t228.000px|w400.000px|h24.000px
ui|fullmap/1/0/0/29/0|lauto|tauto|wauto|hauto|text:武昌街
ui|fullmap/1/0/0/29|l380.000px|t285.000px|w400.000px|h30.000px
ui|fullmap/1/0/0/2|l0.000px|t0.000px|w100.000%|h1.000px
ui|fullmap/1/0/0/30/0|lauto|tauto|wauto|hauto|text:昆明街
ui|fullmap/1/0/0/30|l380.000px|t342.000px|w400.000px|h16.000px
ui|fullmap/1/0/0/31/0|lauto|tauto|wauto|hauto|text:峨嵋街
ui|fullmap/1/0/0/31|l380.000px|t385.000px|w400.000px|h30.000px
ui|fullmap/1/0/0/32/0|lauto|tauto|wauto|hauto|text:成都路
ui|fullmap/1/0/0/32|l380.000px|t484.000px|w400.000px|h32.000px
ui|fullmap/1/0/0/33/0|lauto|tauto|wauto|hauto|text:萬年
ui|fullmap/1/0/0/33|l438.000px|t350.000px|w40.000px|h30.000px
ui|fullmap/1/0/0/34/0|lauto|tauto|wauto|hauto|text:獅子林
ui|fullmap/1/0/0/34|l434.000px|t241.000px|w44.000px|h44.000px
ui|fullmap/1/0/0/35/0|lauto|tauto|wauto|hauto|text:Donki
ui|fullmap/1/0/0/35|l502.000px|t315.000px|w56.000px|h44.000px
ui|fullmap/1/0/0/36/0|lauto|tauto|wauto|hauto|text:電影公園
ui|fullmap/1/0/0/36|l428.000px|t302.000px|w50.000px|h40.000px
ui|fullmap/1/0/0/37/0|lauto|tauto|wauto|hauto|text:誠品西門
ui|fullmap/1/0/0/37|l549.000px|t353.000px|w36.000px|h32.000px
ui|fullmap/1/0/0/38/0|lauto|tauto|wauto|hauto|text:誠品武昌
ui|fullmap/1/0/0/38|l557.000px|t315.000px|w28.000px|h28.000px
ui|fullmap/1/0/0/39/0|lauto|tauto|wauto|hauto|text:UQ
ui|fullmap/1/0/0/39|l615.000px|t358.000px|w24.000px|h24.000px
ui|fullmap/1/0/0/3|l0.000px|t100.000px|w100.000%|h1.000px
ui|fullmap/1/0/0/40/0|lauto|tauto|wauto|hauto|text:H&M
ui|fullmap/1/0/0/40|l615.000px|t456.000px|w28.000px|h28.000px
ui|fullmap/1/0/0/41/0|lauto|tauto|wauto|hauto|text:捷運6號
ui|fullmap/1/0/0/41|l696.000px|t460.000px|w24.000px|h24.000px
ui|fullmap/1/0/0/42/0|lauto|tauto|wauto|hauto|text:紅樓
ui|fullmap/1/0/0/42|l676.000px|t516.000px|w44.000px|h44.000px
ui|fullmap/1/0/0/43/0|lauto|tauto|wauto|hauto|text:錢櫃
ui|fullmap/1/0/0/43|l800.000px|t452.000px|w32.000px|h32.000px
ui|fullmap/1/0/0/44/0|lauto|tauto|wauto|hauto|text:鴨肉扁
ui|fullmap/1/0/0/44|l700.000px|t315.000px|w20.000px|h20.000px
ui|fullmap/1/0/0/45/0|lauto|tauto|wauto|hauto|text:西門國小
ui|fullmap/1/0/0/45|l416.000px|t235.000px|w60.000px|h50.000px
ui|fullmap/1/0/0/46/0|l1.000px|t23.000px|w28.000px|h28.000px
ui|fullmap/1/0/0/46/1|l4.000px|t26.000px|w22.000px|h22.000px
ui|fullmap/1/0/0/46/2|l7.000px|t29.000px|w16.000px|h16.000px
ui|fullmap/1/0/0/46/3|l8.000px|t2.000px|w14.000px|h24.000px
ui|fullmap/1/0/0/46/4|l10.000px|t4.000px|w10.000px|h22.000px
ui|fullmap/1/0/0/46|l585.000px|t363.000px|w30.000px|h74.000px
ui|fullmap/1/0/0/47/0|lauto|tauto|wauto|hauto|text:N
ui|fullmap/1/0/0/47|l582.000px|t15.000px|w36.000px|h36.000px
ui|fullmap/1/0/0/48/0|lauto|tauto|wauto|hauto|text:S
ui|fullmap/1/0/0/48|l582.000px|tauto|w36.000px|h36.000px
ui|fullmap/1/0/0/49/0|lauto|tauto|wauto|hauto|text:E
ui|fullmap/1/0/0/49|lauto|t382.000px|w36.000px|h36.000px
ui|fullmap/1/0/0/4|l0.000px|t200.000px|w100.000%|h1.000px
ui|fullmap/1/0/0/50/0|lauto|tauto|wauto|hauto|text:W
ui|fullmap/1/0/0/50|l15.000px|t382.000px|w36.000px|h36.000px
ui|fullmap/1/0/0/5|l0.000px|t300.000px|w100.000%|h1.000px
ui|fullmap/1/0/0/6|l0.000px|t400.000px|w100.000%|h1.000px
ui|fullmap/1/0/0/7|l0.000px|t500.000px|w100.000%|h1.000px
ui|fullmap/1/0/0/8|l0.000px|t600.000px|w100.000%|h1.000px
ui|fullmap/1/0/0/9|l0.000px|t700.000px|w100.000%|h1.000px
ui|fullmap/1/0/0|lauto|tauto|w1200.000px|h800.000px
ui|fullmap/1/0|lauto|tauto|w1210.000px|h810.000px
ui|fullmap/1|lauto|tauto|w1220.000px|h820.000px
ui|fullmap/2/0/0|lauto|tauto|w15.000px|h15.000px
ui|fullmap/2/0/1|lauto|tauto|wauto|hauto|text:道路
ui|fullmap/2/0|lauto|tauto|wauto|hauto
ui|fullmap/2/1/0|lauto|tauto|w15.000px|h15.000px
ui|fullmap/2/1/1|lauto|tauto|wauto|hauto|text:地標
ui|fullmap/2/1|lauto|tauto|wauto|hauto
ui|fullmap/2/2/0|lauto|tauto|w15.000px|h15.000px
ui|fullmap/2/2/1|lauto|tauto|wauto|hauto|text:你
ui|fullmap/2/2|lauto|tauto|wauto|hauto
ui|fullmap/2|lauto|tauto|wauto|hauto
ui|fullmap/3/0|lauto|tauto|wauto|hauto|text:[M] 關閉地圖
ui|fullmap/3|lauto|tauto|wauto|hauto
ui|fullmap|l0.000px|t0.000px|w100.000%|h100.000%
ui|minimap/0/0/0|l0.000px|t0.000px|w60.000px|h60.000px
ui|minimap/0/0/10|l51.000px|t145.275px|w180.000px|h9.450px
ui|minimap/0/0/11|l51.000px|t189.960px|w180.000px|h10.080px
ui|minimap/0/0/12|l81.100px|t129.250px|w10.000px|h10.000px
ui|minimap/0/0/13|l92.100px|t130.250px|wauto|hauto|text:萬年
ui|minimap/0/0/14|l80.200px|t83.350px|w10.000px|h10.000px
ui|minimap/0/0/15|l91.200px|t84.350px|wauto|hauto|text:獅子林
ui|minimap/0/0/16|l113.500px|t116.650px|w10.000px|h10.000px
ui|minimap/0/0/17|l124.500px|t117.650px|wauto|hauto|text:Donki
ui|minimap/0/0/18|l78.850px|t109.900px|w10.000px|h10.000px
ui|minimap/0/0/19|l89.850px|t110.900px|wauto|hauto|text:電影公園
ui|minimap/0/0/1|lauto|t0.000px|w60.000px|h60.000px
ui|minimap/0/0/2/0|lauto|tauto|wauto|hauto|text:西門町
ui|minimap/0/0/20|l130.150px|t131.050px|w10.000px|h10.000px
ui|minimap/0/0/21|l141.150px|t132.050px|wauto|hauto|text:誠品西門
ui|minimap/0/0/22|l131.950px|t113.050px|w10.000px|h10.000px
ui|minimap/0/0/23|l142.950px|t114.050px|wauto|hauto|text:誠品武昌
ui|minimap/0/0/24|l157.150px|t131.500px|w10.000px|h10.000px
ui|minimap/0/0/25|l168.150px|t132.500px|wauto|hauto|text:UQ
ui|minimap/0/0/26|l158.050px|t176.500px|w10.000px|h10.000px
ui|minimap/0/0/27|l169.050px|t177.500px|wauto|hauto|text:H&M
ui|minimap/0/0/28|l193.600px|t177.400px|w10.000px|h10.000px
ui|minimap/0/0/29|l204.600px|t178.400px|wauto|hauto|text:捷運6號
ui|minimap/0/0/2|l4.000px|t4.000px|wauto|hauto
ui|minimap/0/0/30|l189.100px|t207.100px|w10.000px|h10.000px
ui|minimap/0/0/31|l200.100px|t208.100px|wauto|hauto|text:紅樓
ui|minimap/0/0/32|l242.200px|t175.600px|w10.000px|h10.000px
ui|minimap/0/0/33|l253.200px|t176.600px|wauto|hauto|text:錢櫃
ui|minimap/0/0/34|l194.500px|t111.250px|w10.000px|h10.000px
ui|minimap/0/0/35|l205.500px|t112.250px|wauto|hauto|text:鴨肉扁
ui|minimap/0/0/36|l75.700px|t82.000px|w10.000px|h10.000px
ui|minimap/0/0/37|l86.700px|t83.000px|wauto|hauto|text:西門國小
ui|minimap/0/0/38|l0.000px|t0.000%|w100.000%|h3.000px
ui|minimap/0/0/39/0|l1.000px|t15.000px|w18.000px|h18.000px
ui|minimap/0/0/39/1|l3.000px|t17.000px|w14.000px|h14.000px
ui|minimap/0/0/39/2|l5.000px|t19.000px|w10.000px|h10.000px
ui|minimap/0/0/39/3|l5.000px|t2.000px|w10.000px|h16.000px
ui|minimap/0/0/39/4|l7.000px|t4.000px|w6.000px|h14.000px
ui|minimap/0/0/39|l140.000px|t126.000px|w20.000px|h48.000px
ui|minimap/0/0/3|l209.400px|t55.500px|w25.200px|h162.000px
ui|minimap/0/0/40/0|lauto|tauto|wauto|hauto|text:N
ui|minimap/0/0/40|l140.000px|t6.000px|w20.000px|h20.000px
ui|minimap/0/0/41/0|lauto|tauto|wauto|hauto|text:S
ui|minimap/0/0/41|l140.000px|tauto|w20.000px|h20.000px
ui|minimap/0/0/42/0|lauto|tauto|wauto|hauto|text:E
ui|minimap/0/0/42|lauto|t140.000px|w20.000px|h20.000px
ui|minimap/0/0/43/0|lauto|tauto|wauto|hauto|text:W
ui|minimap/0/0/43|l6.000px|t140.000px|w20.000px|h20.000px
ui|minimap/0/0/44|l0.000px|t0.000px|w100.000%|h1.000px
ui|minimap/0/0/45|l0.000px|t50.000px|w100.000%|h1.000px
ui|minimap/0/0/46|l0.000px|t100.000px|w100.000%|h1.000px
ui|minimap/0/0/47|l0.000px|t150.000px|w100.000%|h1.000px
ui|minimap/0/0/48|l0.000px|t200.000px|w100.000%|h1.000px
ui|minimap/0/0/49|l0.000px|t250.000px|w100.000%|h1.000px
ui|minimap/0/0/4|l96.720px|t55.500px|w7.560px|h162.000px
ui|minimap/0/0/5|l54.960px|t55.500px|w10.080px|h162.000px
ui|minimap/0/0/6|l145.275px|t105.000px|w9.450px|h90.000px
ui|minimap/0/0/7|l51.000px|t74.220px|w180.000px|h7.560px
ui|minimap/0/0/8|l51.000px|t100.275px|w180.000px|h9.450px
ui|minimap/0/0/9|l51.000px|t124.980px|w180.000px|h5.040px
ui|minimap/0/0|lauto|tauto|w300.000px|h300.000px
ui|minimap/0|lauto|tauto|w308.000px|h308.000px
ui|minimap|lauto|t10.000px|w316.000px|h316.000px
